id,lat,lon,name,amenity,alias
287206333,45.5346154,-122.9166192,Swagath,restaurant,food_drink
287207155,45.5504117,-122.904555,Pho Tango,restaurant,food_drink
323588282,45.4311585,-122.5640749,Gustav's,restaurant,food_drink
324193662,45.5049882,-122.6192847,New Thai Blues,restaurant,food_drink
324193669,45.4977593,-122.6140577,Pho Hung,restaurant,food_drink
324207464,45.5234538,-122.6970368,Thai Orchid,restaurant,food_drink
324207465,45.5234628,-122.6972313,Pizza Oasis,restaurant,food_drink
324207469,45.5241473,-122.6982396,Uptown Billiards,restaurant,food_drink
324207483,45.5293489,-122.6984326,Pepinos Mexican food,restaurant,food_drink
324207484,45.5294576,-122.6984133,Little Big Burger,restaurant,food_drink
324207489,45.5321393,-122.6985407,Tara Thai & Lao,restaurant,food_drink
324207491,45.5332498,-122.698601,Matador,restaurant,food_drink
324207492,45.5334678,-122.698605,Pastini Pastaria,restaurant,food_drink
324207493,45.5336298,-122.698613,Sushi ville,restaurant,food_drink
324207502,45.5314024,-122.6988864,Be Won,restaurant,food_drink
324207512,45.5277772,-122.6987129,Papa Haydn,restaurant,food_drink
346105650,45.2361776,-122.8071155,Country Pride,restaurant,food_drink
355041761,45.5176281,-122.6796118,Hop City Tavern,restaurant,food_drink
355218818,45.5118468,-122.6781975,Murata,restaurant,food_drink
355218908,45.5131119,-122.6752026,Plaza Deli,restaurant,food_drink
357000733,45.526461,-122.678507,Park Kitchen,restaurant,food_drink
357342226,45.5968082,-122.9940136,Old Hichen Post,restaurant,food_drink
366029248,45.6313008,-122.6719301,Hidden House,restaurant,food_drink
470111658,45.5348523,-122.6424368,Costello's Travel Caffé,restaurant,food_drink
471277940,45.5177104,-122.6514274,Nostrana,restaurant,food_drink
471773641,45.5348523,-122.642351,Meiji-En,restaurant,food_drink
471782053,45.5353153,-122.6382912,Cha Cha Cha Taqueria,restaurant,food_drink
472581313,45.5346838,-122.6558475,Village Inn Pancake House,restaurant,food_drink
474382744,45.5177661,-122.4120677,Joseph's Swirl Sandwich,restaurant,food_drink
475360429,45.5179099,-122.5638694,McMenamins,restaurant,food_drink
490521325,45.5410497,-122.6620931,Russell Street BBQ,restaurant,food_drink
491835035,45.5502633,-122.6757423,Laughing Planet,restaurant,food_drink
493318571,45.5175762,-122.4119629,Mighty Doughnuts,restaurant,food_drink
495928835,45.52464,-122.6459627,Green Castle Food Court,restaurant,food_drink
495995622,45.5175662,-122.5630467,Umenoki Japanese Restaurant,restaurant,food_drink
498664038,45.5463801,-122.6668666,The People's Pig,restaurant,food_drink
499621247,45.5404566,-122.6618342,Queen of Sheba,restaurant,food_drink
500904327,45.4045302,-122.7231367,Aji Tram,restaurant,food_drink
523462912,45.4971332,-122.6087852,Midpoint,restaurant,food_drink
566882063,45.4072868,-122.6754986,Pizza Bella,restaurant,food_drink
566882684,45.4184948,-122.6642577,Holy Taco,restaurant,food_drink
566889675,45.4599583,-122.7793795,The Stockpot Broiler,restaurant,food_drink
566890171,45.4511423,-122.7823676,The Cheesecake Factory,restaurant,food_drink
574255386,45.5008303,-122.412439,Shari's,restaurant,food_drink
574255388,45.5008303,-122.4105208,China Garden Buffet,restaurant,food_drink
603462221,45.531729,-122.7549492,Skyline Restaurant,restaurant,food_drink
618545063,45.3139265,-122.3922337,,restaurant,food_drink
621110758,45.5255828,-122.6793122,Chakam Thai Kitchen,restaurant,food_drink
661311313,45.5180164,-122.6789852,Porto Terra,restaurant,food_drink
663556146,45.5093599,-122.6988132,Vista Spring Gourmet Pizza,restaurant,food_drink
663797646,45.5293009,-122.6923606,Café Nell,restaurant,food_drink
664314287,45.5391972,-122.67445,Gotham Tavern,restaurant,food_drink
664314337,45.5345909,-122.6531083,Prime Rib & Chocolate Cake,restaurant,food_drink
664314360,45.5528364,-122.6757048,Lovely's Fifty Fifty,restaurant,food_drink
680681175,45.409248,-122.7213037,Seattle's Best Teriyaki,restaurant,food_drink
702322491,45.4979413,-122.9041267,Good Taste Noodle House,restaurant,food_drink
703006646,45.5354251,-122.8768123,Chennai Masala,restaurant,food_drink
714449210,45.521628,-123.086074,McMenamins Grand Lodge,restaurant,food_drink
764814081,45.2815953,-123.0081587,Red Hills Provincial Dining,restaurant,food_drink
814563969,45.3974167,-122.2712441,Tollgate Inn,restaurant,food_drink
830883513,45.3025068,-122.7644272,Wanker's Corner,restaurant,food_drink
830883515,45.3025068,-122.7635543,Red Robin,restaurant,food_drink
837065995,45.4802853,-122.5684706,El Pato Feliz,restaurant,food_drink
837069073,45.4807338,-122.5710246,Oliver's Cafe,restaurant,food_drink
841449338,45.4923378,-122.8054181,HomeTown Buffet,restaurant,food_drink
843999588,45.4969306,-122.8866435,Stir Crazy Kitchen,restaurant,food_drink
848726011,45.4759435,-122.8050178,Beaverton Char Burger,restaurant,food_drink
865275934,45.5128874,-122.6778566,Morton's,restaurant,food_drink
883378247,45.5145707,-122.8687261,Toshi Sushi Bar,restaurant,food_drink
891315836,45.523158,-122.6321247,Laurelhurst Market,restaurant,food_drink
891315843,45.522793,-122.6568779,Doug Fir Lounge,restaurant,food_drink
911552520,45.30342,-122.7670769,Sushi Track,restaurant,food_drink
914165910,45.5204686,-122.9720343,,restaurant,food_drink
914165923,45.5202469,-122.9720383,Dandy's Deli,restaurant,food_drink
921103340,45.3920801,-122.7495637,Claim Jumper,restaurant,food_drink
928634914,45.5352055,-122.6510634,Petisco,restaurant,food_drink
937385445,45.4935441,-122.8089735,Best Baguette,restaurant,food_drink
937430846,45.5246557,-122.8093185,Chiam,restaurant,food_drink
937436120,45.4882448,-122.7994555,Izzy's Pizza,restaurant,food_drink
940961806,45.5199879,-122.4013073,La Costita,restaurant,food_drink
962355295,45.5161848,-122.7532942,Biscuits Cafe,restaurant,food_drink
962355297,45.5163539,-122.7535785,Sandoval's,restaurant,food_drink
962355300,45.5160683,-122.7527256,Joy Wok,restaurant,food_drink
973259034,45.524605,-122.699254,Limo,restaurant,food_drink
1006231718,45.6932659,-122.6636858,Bortolami's Pizzeria,restaurant,food_drink
1023495695,45.5052218,-122.6007736,Pizzicato,restaurant,food_drink
1073808607,45.4046008,-122.7229272,Deno's Pizzaria,restaurant,food_drink
1086981333,45.4895937,-122.5565465,The Takehashi,restaurant,food_drink
1137097979,45.445624,-122.777072,Thirsty Lion Pub & Grill,restaurant,food_drink
1151714356,45.4071204,-122.7247469,Round Table Pizza,restaurant,food_drink
1165549304,45.526559,-122.6369298,Pambiche,restaurant,food_drink
1168495009,45.533637,-122.6201218,Mio Sushi,restaurant,food_drink
1168670797,45.3904066,-122.6446507,Bugatti's,restaurant,food_drink
1168671469,45.3905423,-122.6444627,Thai Orchid,restaurant,food_drink
1169326319,45.5155154,-122.9038158,Godfathers Pizza,restaurant,food_drink
1173876505,45.3849401,-122.6397417,Hungry Howie's Pizza,restaurant,food_drink
1188669623,45.5369601,-122.7051349,Meriwether's Restaurant,restaurant,food_drink
1188669625,45.5366745,-122.7052422,Acapulco's Gold,restaurant,food_drink
1196154982,45.5315251,-122.9578103,Kokiyo Teriyaki,restaurant,food_drink
1211532348,45.3986073,-122.272354,Paola's Pizza and Pasta,restaurant,food_drink
1213730816,45.5227627,-122.6473816,East Burn,restaurant,food_drink
1214380414,45.535853,-122.699669,Ataula,restaurant,food_drink
1234059093,45.5267237,-122.6376423,Dove Vivi,restaurant,food_drink
1234328082,45.5163481,-122.6304819,Laughing Planet,restaurant,food_drink
1235424316,45.5352053,-122.6511499,Chai Yo,restaurant,food_drink
1236850835,45.4867283,-122.8063044,Decarli,restaurant,food_drink
1246486669,45.5379417,-122.8788156,Buffalo Wild Wings,restaurant,food_drink
1266155799,45.4921942,-122.8275132,Abiruchi,restaurant,food_drink
1271742540,45.2205124,-122.5819679,Mulino Hangar Cafe,restaurant,food_drink
1272078311,45.3097391,-122.7670118,Bullwinkle's,restaurant,food_drink
1305476179,45.4322735,-122.371816,Red Apple Restaurant,restaurant,food_drink
1306161310,45.5286287,-122.6762666,Wilf's Restaurant,restaurant,food_drink
1320495762,45.5225131,-122.9883868,Aybla Mediterranean Grill,restaurant,food_drink
1334717078,45.490956,-122.806751,Mio Sushi,restaurant,food_drink
1360640604,45.3819488,-122.7613757,Hayden's Grill,restaurant,food_drink
1364850536,45.5398008,-122.6115216,Der Rheinlander,restaurant,food_drink
1391691099,45.433784,-122.570617,Claim Jumper,restaurant,food_drink
1394259707,45.5046009,-122.6201024,Sckavone's,restaurant,food_drink
1401319566,45.4773919,-122.5589018,Taqueria El Cazador,restaurant,food_drink
1403852985,45.5303115,-122.9606417,Gengis Khan Mongolian Grill,restaurant,food_drink
1412690398,45.508015,-122.577894,My Brother's Crawfish,restaurant,food_drink
1413918937,45.564963,-122.912049,Out Of This World Pizza,restaurant,food_drink
1457419289,45.4931982,-122.6360518,Yoko's,restaurant,food_drink
1457420610,45.4803906,-122.6497183,Papa Hayden's,restaurant,food_drink
1474821640,45.3013133,-122.9641511,Subterra,restaurant,food_drink
1475711024,45.5173536,-122.662613,Le Bistro Montage,restaurant,food_drink
1510806497,45.3067344,-122.7646366,Dar Essalam,restaurant,food_drink
1545229192,45.515284,-122.666026,Clark Lewis,restaurant,food_drink
1558920092,45.5264277,-122.6814037,Phó Văn Fresh,restaurant,food_drink
1560144137,45.5367447,-122.7000604,,restaurant,food_drink
1611343517,45.3036213,-122.7670621,Juan Colorado,restaurant,food_drink
1613902363,45.3036924,-122.7726033,Hunan Kitchen,restaurant,food_drink
1613902364,45.3035981,-122.7726891,Sushi Ave,restaurant,food_drink
1615448277,45.5303617,-122.6987215,Dorio Greek Taverna,restaurant,food_drink
1629227930,45.3975318,-122.2613088,Wall Street Pizza,restaurant,food_drink
1701998543,45.2627409,-122.6959884,Backstop Bar & Grill,restaurant,food_drink
1711111918,45.569522,-122.6823877,Nite Hawk,restaurant,food_drink
1742239470,45.6170109,-122.5078466,Arawan Thai Cuisine,restaurant,food_drink
1742239493,45.6170004,-122.5073396,KC Teriyaki,restaurant,food_drink
1786510423,45.6578418,-122.5893216,Sushi Factory,restaurant,food_drink
1797081767,45.6575165,-122.5998161,,restaurant,food_drink
1809348188,45.4789831,-122.6063018,Mezza Middle Eastern Cuisine,restaurant,food_drink
1809349228,45.4789699,-122.6050036,Super Torta,restaurant,food_drink
1811986406,45.5230413,-122.6541573,Noble Rot,restaurant,food_drink
1811996425,45.490986,-122.806991,Mingo,restaurant,food_drink
1859689515,45.5314364,-122.6948173,Marrakesh,restaurant,food_drink
1881677648,45.3028348,-122.9594729,J's Family Restaurant and Lounge,restaurant,food_drink
1907786882,45.3943807,-122.494061,Carver Cafe,restaurant,food_drink
1907786884,45.392062,-122.498661,Stone Cliff Inn,restaurant,food_drink
1907786885,45.394731,-122.4975908,,restaurant,food_drink
1910814120,45.5203805,-123.1061773,Cornerstone Pub & Grill,restaurant,food_drink
1910820269,45.5203701,-123.1050949,La Sierra,restaurant,food_drink
1946793369,45.4951198,-122.6075633,Foster Burger,restaurant,food_drink
1947093629,45.407373,-122.723458,La Provence,restaurant,food_drink
1947933638,45.5220511,-122.6416194,Slide Inn,restaurant,food_drink
1947933639,45.5205345,-122.6371535,Bamboo Sushi,restaurant,food_drink
1947933640,45.5230527,-122.642813,Pix Patisserie / Bar Vivant,restaurant,food_drink
1947933642,45.5230039,-122.641665,Screen Door,restaurant,food_drink
1947933645,45.5206041,-122.6371562,Ken's Artisan Pizza,restaurant,food_drink
1950349310,45.5350268,-122.877982,P.F. Chang's,restaurant,food_drink
1950349319,45.5342245,-122.916976,Orenco Station Grill,restaurant,food_drink
1963206625,45.4926016,-122.6016957,Tortalandia,restaurant,food_drink
1963915297,45.5481586,-122.6753855,Porque No?,restaurant,food_drink
1966230984,45.5380472,-122.6151992,Killer Burger,restaurant,food_drink
1967252688,45.5890708,-122.5938712,Stanford's Restaurant & Bar,restaurant,food_drink
1967622859,45.5268074,-122.6875424,Nancy's Kitchen,restaurant,food_drink
1970544873,45.5284161,-122.6807498,Laughing Planet,restaurant,food_drink
1971084201,45.3797364,-122.5951328,,restaurant,food_drink
1973266710,45.5322543,-122.6903747,Justa Pasta,restaurant,food_drink
1975835339,45.5394166,-122.6618113,Ox Restaurant,restaurant,food_drink
1975835377,45.5194213,-122.6365397,Baby Doll Pizza,restaurant,food_drink
1996185950,45.4895807,-122.5961578,Bar Carlo,restaurant,food_drink
2001947934,45.4917273,-122.6015095,Tambayan,restaurant,food_drink
2018625451,45.4873946,-122.8035993,Giovanni's Italian Restaurant,restaurant,food_drink
2018972572,45.4096365,-122.7202202,Gubanc's,restaurant,food_drink
2018978916,45.37967,-122.7648441,Tacquiera Las Casitas,restaurant,food_drink
2091747722,45.4097773,-122.7199968,Babica Hen Cafe,restaurant,food_drink
2105331008,45.3787433,-122.5938657,,restaurant,food_drink
2141652663,45.7801085,-122.5456434,Old Town Burger & Breakfast,restaurant,food_drink
2143407411,45.7814508,-122.5448694,99 Teryaki,restaurant,food_drink
2144917697,45.4919098,-122.8539195,Nonna Emilia,restaurant,food_drink
2146069469,45.5325691,-122.694516,Joe's Cellar Cafe,restaurant,food_drink
2146082156,45.5273474,-122.6983681,Escape From New York Pizza,restaurant,food_drink
2172271797,45.5233211,-122.6726712,Alexis Restaurant,restaurant,food_drink
2174824087,45.5245259,-122.6806866,Prasad,restaurant,food_drink
2218927022,45.579655,-122.715574,Bagel and Box,restaurant,food_drink
2225666384,45.302182,-122.766145,Thai Village Restaurant,restaurant,food_drink
2227554580,45.34472,-122.654154,Allium,restaurant,food_drink
2239173901,45.7814739,-122.5612369,The Golden Tusk,restaurant,food_drink
2280949788,45.5140695,-122.3617196,Riverview Restaurant,restaurant,food_drink
2285921950,45.5192796,-122.5822829,Bipartisan Cafe,restaurant,food_drink
2285926158,45.5054248,-122.6153586,The Woodsman Tavern,restaurant,food_drink
2285929032,45.53494,-122.6587607,Schmizza Pub & Grub,restaurant,food_drink
2285943997,45.5052209,-122.6009034,Emily's Teriyaki and Pho,restaurant,food_drink
2292041426,45.562244,-122.635021,Yakuza,restaurant,food_drink
2292047085,45.562405,-122.635025,Beast,restaurant,food_drink
2296344299,45.310022,-122.762726,SanBlas,restaurant,food_drink
2296347198,45.310029,-122.76319,Rice Time Oriental Grill,restaurant,food_drink
2297522138,45.530201,-122.86899,Happy Panda,restaurant,food_drink
2297617020,45.5626008,-122.6350146,Cocotte,restaurant,food_drink
2300370070,45.4919331,-122.8101165,Thai Bloom,restaurant,food_drink
2300370221,45.4861417,-122.7961271,Qdoba,restaurant,food_drink
2300370353,45.4863124,-122.7963831,Noodles & Company,restaurant,food_drink
2304183957,45.5227117,-122.6371488,PaaDee,restaurant,food_drink
2307235175,45.5697641,-122.6871756,El Burrito Azteca,restaurant,food_drink
2307235176,45.5695923,-122.6879273,Thai Ginger,restaurant,food_drink
2307235177,45.5777774,-122.661057,Sparky's,restaurant,food_drink
2322320621,45.486323,-122.806104,Nak Won,restaurant,food_drink
2352750239,45.516587,-122.6514894,Roost,restaurant,food_drink
2356799694,45.49969,-122.411014,Swine Dining,restaurant,food_drink
2363289932,45.4961636,-122.548419,Reo's Ribs,restaurant,food_drink
2439962295,45.2332562,-122.4733017,Clarkes General Store & Eatery,restaurant,food_drink
2444673354,45.5045328,-122.4144108,Jimmy John's,restaurant,food_drink
2447471759,45.5623886,-122.6347539,Expat,restaurant,food_drink
2451848954,45.5851445,-122.4051209,Nuestra Mesa,restaurant,food_drink
2451848956,45.5860145,-122.4040802,Miss Nola's Cafe,restaurant,food_drink
2451848959,45.585626,-122.404172,Mill City Brewery,restaurant,food_drink
2451848961,45.585537,-122.404058,Kop Chai Thai,restaurant,food_drink
2451848963,45.584814,-122.4046062,El Rancho Viejo,restaurant,food_drink
2451848966,45.585873,-122.405266,Camas Thai Cuisine,restaurant,food_drink
2451848968,45.5861596,-122.4047212,Happy Island Restaurant,restaurant,food_drink
2451848970,45.5862963,-122.4035583,Natalia's Cafe,restaurant,food_drink
2451853883,45.586087,-122.402863,Feast 316,restaurant,food_drink
2451871699,45.5859428,-122.4036417,Rice Time,restaurant,food_drink
2452978311,45.588507,-122.3886232,Smitty's,restaurant,food_drink
2452984991,45.585847,-122.3715631,Chinese Garden,restaurant,food_drink
2452984994,45.5842444,-122.3683208,Don Pedro Taqueria,restaurant,food_drink
2452992121,45.5904454,-122.4052112,Top Burger,restaurant,food_drink
2452995931,45.6055235,-122.4073436,Lakeside Chalet,restaurant,food_drink
2452995932,45.5956795,-122.4765817,Three Sixty Kitchen & Bar,restaurant,food_drink
2452996560,45.595694,-122.477632,Papa Murphy's Take 'N' Bake Pizza,restaurant,food_drink
2452996561,45.5963685,-122.477014,Roots Restaurant & Bar,restaurant,food_drink
2471105886,45.4938438,-122.4090994,Bento Plus,restaurant,food_drink
2474781518,45.6691744,-122.5466739,Pied Piper Pizza,restaurant,food_drink
2475775560,45.586238,-122.403047,The Sushi Joint,restaurant,food_drink
2478100643,45.582809,-122.366779,Los Dos Compadres,restaurant,food_drink
2493200900,45.7418011,-122.8758351,Fultano's Pizza,restaurant,food_drink
2495734325,45.2179759,-123.0796757,The Joel Palmer House,restaurant,food_drink
2513535571,45.4441132,-122.6419988,Gramma's Corner Restaurant,restaurant,food_drink
2534116554,45.4976128,-122.5948923,Powell Seafood Restaurant,restaurant,food_drink
2545360663,45.5274342,-122.6804324,Burrito Bar,restaurant,food_drink
2573362680,45.5038141,-122.5232463,Dairy Queen,restaurant,food_drink
2573362685,45.5038404,-122.5238672,Cruiser's Drive-in,restaurant,food_drink
2573382711,45.5045153,-122.5471434,Tik Tok Pizza,restaurant,food_drink
2611882219,45.5359408,-122.6211263,Blackwell's Grub Steak Grill,restaurant,food_drink
2611884030,45.5358157,-122.6233722,My Canh,restaurant,food_drink
2613641071,45.5049367,-122.6229076,Tom's Restaurant,restaurant,food_drink
2616530853,45.504667,-122.6238112,Little Big Burger,restaurant,food_drink
2616541820,45.504663,-122.6241056,Yataimura Maru,restaurant,food_drink
2621730141,45.5165961,-122.6294074,Hoda's Middle Eastern Cuisine,restaurant,food_drink
2623854028,45.3493348,-122.5968599,Mitzil Loncheria Mexican,restaurant,food_drink
2624307217,45.678025,-122.5986569,Cameo Cafe,restaurant,food_drink
2682369117,45.5955284,-122.9952137,,restaurant,food_drink
2694266978,45.5480432,-122.6049402,Fire On the Mountain,restaurant,food_drink
2698212421,45.5192353,-122.5812656,Ya Hala,restaurant,food_drink
2698337405,45.519023,-122.5829708,Flying Pie Pizzeria,restaurant,food_drink
2698558821,45.578635,-122.3524831,B Street Cafe,restaurant,food_drink
2700942967,45.5166007,-122.623188,Two Brothers Cafe And Grill,restaurant,food_drink
2732575591,45.2627261,-122.6946969,Pappy's Greasy Spoon,restaurant,food_drink
2807686796,45.492482,-122.6021683,Nayar Taqueria,restaurant,food_drink
2807708352,45.4976077,-122.6020543,Steakadelphia,restaurant,food_drink
2815811404,45.344806,-122.653878,Thai Lemon,restaurant,food_drink
2825586601,45.407288,-122.723835,Jefe,restaurant,food_drink
2882849515,45.7188655,-122.6613371,Planet Thai,restaurant,food_drink
2906327001,45.511412,-122.822252,China Town,restaurant,food_drink
2924967045,45.5605409,-122.6748649,Sweedeedee,restaurant,food_drink
2933695013,45.521162,-122.989543,Taco del Mar,restaurant,food_drink
2968246619,45.5165815,-122.753089,Subway,restaurant,food_drink
2973892931,45.2615743,-122.6935705,Lone Elder Pizza,restaurant,food_drink
2985221202,45.4863133,-122.7967877,Wok 'n Guys,restaurant,food_drink
3009693836,45.5192739,-122.5816686,The Country Cat,restaurant,food_drink
3059991397,45.5141712,-122.6809926,Nel Centro,restaurant,food_drink
3070812233,45.302187,-122.762477,Abella Italian Kitchen,restaurant,food_drink
3091796526,45.5188734,-122.6920529,Kinara Thai,restaurant,food_drink
3151569161,45.493199,-122.622906,Shut Up and Eat,restaurant,food_drink
3157297361,45.4336331,-122.5715705,Ram Restaurant and Brewhouse,restaurant,food_drink
3166219462,45.5315548,-122.9574717,Sushi and Maki,restaurant,food_drink
3166274540,45.5310665,-122.9662612,Papa Murphy's,restaurant,food_drink
3199153866,45.4301166,-122.8321147,The Ridge,restaurant,food_drink
3233723861,45.558075,-122.620205,The Spare Room,restaurant,food_drink
3268288908,45.3963836,-122.2606593,Double Dragon,restaurant,food_drink
3268289454,45.3969806,-122.2612387,,restaurant,food_drink
3268289455,45.396329,-122.2579422,Stephanie's International Cafe,restaurant,food_drink
3282318440,45.5171128,-122.6810368,Heathman Restaurant,restaurant,food_drink
3284400736,45.5211577,-122.9850771,Sports Look,restaurant,food_drink
3289259474,45.5291783,-122.8700998,Saigon grill,restaurant,food_drink
3291831549,45.534698,-122.6986758,Pacific Pie,restaurant,food_drink
3342729709,45.4977211,-122.6133127,Thai BBQ,restaurant,food_drink
3353295295,45.518724,-122.563492,Elmer's,restaurant,food_drink
3353299095,45.518123,-122.560082,Baja Fresh,restaurant,food_drink
3387869693,45.5351789,-122.6474544,Cadillac Cafe,restaurant,food_drink
3396670342,45.6975665,-122.6534759,Fatty Patty's Restaurant,restaurant,food_drink
3409812506,45.5530533,-122.5780571,Pizza Hut,restaurant,food_drink
3410846893,45.4328171,-122.6116278,Bob's Red Mill,restaurant,food_drink
3430995993,45.446365,-122.776778,Panera Bread,restaurant,food_drink
3450060093,45.5926506,-122.7571544,Super Burrito Express,restaurant,food_drink
3475958525,45.4623215,-122.6472754,Arugularium,restaurant,food_drink
3477693241,45.4488396,-122.9478078,Cruise In Country Diner,restaurant,food_drink
3485329308,45.5162743,-122.6393351,Kala Noodle and Grill,restaurant,food_drink
3498112765,45.5242346,-122.6818109,Armory Cafe,restaurant,food_drink
3503568130,45.5047232,-122.6549614,Ford Food + Drink,restaurant,food_drink
3522237287,45.5192645,-122.5801677,The Observatory,restaurant,food_drink
3614229927,45.1461048,-122.8354218,"Gina""s",restaurant,food_drink
3615641615,45.5224671,-122.6371431,Cheese & Crack Snack Shop,restaurant,food_drink
3615641617,45.5226888,-122.6371471,Langbaan,restaurant,food_drink
3615675971,45.5230271,-122.6370036,Pizzicato,restaurant,food_drink
3615675972,45.5231231,-122.6371438,Navarre,restaurant,food_drink
3615675975,45.5233656,-122.6371411,Tapalaya,restaurant,food_drink
3615675977,45.5235211,-122.6371418,La Buca,restaurant,food_drink
3651635830,45.5842769,-122.7285272,Drunken Noodle,restaurant,food_drink
3660438860,45.1505383,-122.5750157,Figaro's Pizza,restaurant,food_drink
3660443684,45.1490954,-122.5754751,Cindy's Cafe & Catering,restaurant,food_drink
3660444247,45.1477557,-122.5765392,Passadore's Pizzeria,restaurant,food_drink
3660444248,45.1478314,-122.5771883,Jade Asian Bistro,restaurant,food_drink
3660449200,45.1477368,-122.5778186,Sundowner Steak & Pizza House,restaurant,food_drink
3660478285,45.150907,-122.6016695,C'Est La Vie Coffee,restaurant,food_drink
3660478294,45.1508288,-122.6051511,Papa Murphy's Take 'N' Bake Pizza,restaurant,food_drink
3660478295,45.1507549,-122.6049601,San Blas Mexican,restaurant,food_drink
3662486227,45.546134,-122.5941816,Pizzeria Otto,restaurant,food_drink
3664761404,45.5213671,-122.6568445,Biwa,restaurant,food_drink
3683214825,45.513511,-122.659124,Renata,restaurant,food_drink
3684688622,45.7192591,-122.6613271,Pizza Schmizza,restaurant,food_drink
3686007671,45.5625723,-122.6697389,Enat Kitchen,restaurant,food_drink
3686316614,45.5349837,-122.6313433,Pieology,restaurant,food_drink
3688510025,45.488638,-122.808867,Super Bowl Teriyaki,restaurant,food_drink
3692208428,45.7236196,-122.6528445,I am Thai,restaurant,food_drink
3692208431,45.723153,-122.6518421,Sparky's Pizza,restaurant,food_drink
3694385600,45.5266754,-122.6417813,The Sudra Indian,restaurant,food_drink
3694385601,45.5268919,-122.6415984,The Pie Spot,restaurant,food_drink
3694385602,45.5266772,-122.6418564,Slow Burger,restaurant,food_drink
3694497255,45.7190373,-122.6624117,KC Teriyaki,restaurant,food_drink
3698130398,45.5190677,-122.6780996,Departure,restaurant,food_drink
3698130400,45.5190198,-122.6779146,Urban Farmer,restaurant,food_drink
3703526557,45.7210618,-122.6630274,ei8ht noodles,restaurant,food_drink
3703526561,45.7179554,-122.65882,Mio Sushi,restaurant,food_drink
3703591472,45.5227318,-122.6564979,Thai Champa,restaurant,food_drink
3703627827,45.5228027,-122.6600122,Mirakutei,restaurant,food_drink
3712279352,45.5628713,-122.6351122,Autentica,restaurant,food_drink
3718953488,45.6502143,-122.5909317,HomeTown Buffet,restaurant,food_drink
3720436529,45.5397798,-122.9614644,Amelia's,restaurant,food_drink
3720649511,45.5485899,-122.6200217,Daruma sushi + saké,restaurant,food_drink
3721585434,45.5192173,-122.6514335,Sunee Thai & Lao,restaurant,food_drink
3721615836,45.5226445,-122.6436809,Luce,restaurant,food_drink
3728983581,45.4976515,-122.5825307,Safari Restaurant,restaurant,food_drink
3734009564,45.5154068,-122.6656708,Boke Bowl,restaurant,food_drink
3750146190,45.5073984,-122.680189,Lincoln Station Grill,restaurant,food_drink
3751141024,45.5895932,-122.7558563,Pizza Nostra,restaurant,food_drink
3757485723,45.5262461,-122.6165411,Rice and Spice Teriyaki,restaurant,food_drink
3757491325,45.526278,-122.6153944,The Hutch,restaurant,food_drink
3757491328,45.5262855,-122.6152792,,restaurant,food_drink
3782678467,45.5256606,-122.6986475,August Moon,restaurant,food_drink
3782788968,45.5263585,-122.6986736,Pizzicato,restaurant,food_drink
3819668411,45.7120331,-122.708327,Farrar's Bistro,restaurant,food_drink
3831573045,45.6191143,-122.644575,Ginger Pop,restaurant,food_drink
3831573052,45.6191491,-122.6439949,Lapellah,restaurant,food_drink
3831593067,45.6190737,-122.6466296,Red Robin,restaurant,food_drink
3838294247,45.5310532,-122.9616215,China Wok,restaurant,food_drink
3841825132,45.4690874,-122.65281,Reverend's BBQ,restaurant,food_drink
3855627060,45.5422346,-122.6613905,Bridges Cafe & Catering,restaurant,food_drink
3874921725,45.526685,-122.6416109,24th & Meatball,restaurant,food_drink
3875349063,45.6262137,-122.5341054,Kitchen Table Cafe,restaurant,food_drink
3882483389,45.6932839,-122.6676347,Joy Teriyaki,restaurant,food_drink
3902395925,45.6215795,-122.475312,Corbett Fish House,restaurant,food_drink
3902395929,45.6217411,-122.4755336,Qdoba,restaurant,food_drink
3902395933,45.6215872,-122.4750934,Sushi Moto,restaurant,food_drink
3902396574,45.6218558,-122.4755368,19 Ichi Teriyaki,restaurant,food_drink
3903603205,45.6161557,-122.4782722,MOD Pizza,restaurant,food_drink
3903603209,45.616401,-122.478136,Noodles & Company,restaurant,food_drink
3903791375,45.6161052,-122.4794963,freshi,restaurant,food_drink
3921024913,45.5112402,-122.6741345,Three Degrees,restaurant,food_drink
3923008992,45.512974,-122.6774376,Mika Sushi,restaurant,food_drink
3945241891,45.5341733,-122.6986314,St. Jack,restaurant,food_drink
3946741286,45.511735,-122.6584883,Pacific Pie,restaurant,food_drink
3950799005,45.6849419,-122.5332493,Talay Thai,restaurant,food_drink
3959036461,45.5187083,-122.6809209,Flying Elephants Delicatessen,restaurant,food_drink
3959036464,45.5187371,-122.6806239,Pieology,restaurant,food_drink
3959036465,45.5186028,-122.6809992,Ringside Fish House,restaurant,food_drink
3964914807,45.5039159,-122.4142659,Carly's Pizza,restaurant,food_drink
3967380461,45.7677329,-122.5458727,Keo Thai Cuisine,restaurant,food_drink
3967380463,45.7679111,-122.5469278,Rising Sun Teriyaki Grill,restaurant,food_drink
3970075205,45.533147,-122.5793149,Macau Chinese Seafood Restaurant,restaurant,food_drink
3971663572,45.6187444,-122.5536203,Fuji's Grill & Sushi,restaurant,food_drink
3971697426,45.6202412,-122.5497907,Costa Vida Fresh Mexican Grill,restaurant,food_drink
3972510625,45.6271292,-122.6770793,27 Ichi Teriyaki,restaurant,food_drink
3972510640,45.6274205,-122.6746293,Tiger's Garden,restaurant,food_drink
3972625575,45.6178221,-122.5561497,Breakfast at Valeries,restaurant,food_drink
3972625582,45.616028,-122.5548323,N.Y.C. Pizzeria,restaurant,food_drink
3972625583,45.6170074,-122.5555836,Pacific Paradise Cuisine,restaurant,food_drink
3972625585,45.6161806,-122.5549678,Thai Terrace,restaurant,food_drink
3972625586,45.6171188,-122.5555957,The Springs Food & Spirits,restaurant,food_drink
3972655909,45.6176885,-122.5351824,Korea House,restaurant,food_drink
3972655911,45.6176722,-122.5347094,Mar's Inn,restaurant,food_drink
3972655914,45.6180069,-122.5361859,Pho Green Papaya,restaurant,food_drink
3972655917,45.6176742,-122.5343075,Round Table Pizza,restaurant,food_drink
3972655922,45.6176742,-122.5348242,Sushi Hana,restaurant,food_drink
3972659490,45.6071902,-122.4754721,Twilight Pizza Bistro,restaurant,food_drink
3972697308,45.6276841,-122.671453,Joe Brown's,restaurant,food_drink
3972697309,45.6283022,-122.6714187,Oriental Fast Bowl,restaurant,food_drink
3972697310,45.6289234,-122.6718449,Vinnie's Pizza,restaurant,food_drink
3980755245,45.535563,-122.6217606,Sushi Chiyo,restaurant,food_drink
3980934171,45.5362585,-122.6192378,The Bulgogi,restaurant,food_drink
3980934177,45.5357211,-122.6204632,Atomic Pizza,restaurant,food_drink
3982005045,45.587924,-122.5941943,Capers Café et Le Bar,restaurant,food_drink
3983330600,45.5359082,-122.6642226,Sizzle Pie,restaurant,food_drink
3983330601,45.5359458,-122.6641983,Pine State Biscuits,restaurant,food_drink
3983434028,45.5481178,-122.6412956,Lucca,restaurant,food_drink
3985055185,45.5892855,-122.7611025,Cathedral Park Restaurant,restaurant,food_drink
3985498410,45.5506151,-122.6617718,Sengatara Restaurant,restaurant,food_drink
3987213219,45.5227164,-122.6483079,Fire on the Mountain,restaurant,food_drink
3994136969,45.6575443,-122.5845376,Outback Steakhouse,restaurant,food_drink
3994136978,45.6219891,-122.564893,Youskyme Teriyaki,restaurant,food_drink
3994290775,45.5483951,-122.6169733,McPeet's,restaurant,food_drink
3994427564,45.5350153,-122.6205008,Bluefin Sushi Bar,restaurant,food_drink
3994427568,45.5354169,-122.6211493,Soul Kitchen,restaurant,food_drink
3996083862,45.6879658,-122.6666069,Ichi Teriyaki,restaurant,food_drink
4001248816,45.5102117,-122.6535205,Junior's Cafe,restaurant,food_drink
4002991911,45.5227283,-122.6832854,Zeus Café,restaurant,food_drink
4003583312,45.6732279,-122.5114836,Goldies BBQ,restaurant,food_drink
4003583317,45.6580962,-122.5824567,Trago Mexican Kitchen,restaurant,food_drink
4005007405,45.5181833,-122.5573896,Old Chicago,restaurant,food_drink
4006268692,45.626171,-122.6714837,Mama's Kitchen,restaurant,food_drink
4006268694,45.6375683,-122.6716968,Sabor Mexicano,restaurant,food_drink
4006268696,45.6350624,-122.67067,Paul's,restaurant,food_drink
4025169060,45.5165929,-122.6816935,ArtBar & Bistro,restaurant,food_drink
4032224842,45.6265811,-122.6729802,Luxe,restaurant,food_drink
4035505064,45.5153826,-122.6752664,Farm House Cafe,restaurant,food_drink
4035811400,45.5263379,-122.6035013,Los Taquitos Taqueria,restaurant,food_drink
4037562536,45.7808032,-122.5293591,Galeotti's Wine Cellar,restaurant,food_drink
4039392753,45.5127768,-122.6759946,Truss,restaurant,food_drink
4040891582,45.5113375,-122.6778507,Garden Bar,restaurant,food_drink
4048612608,45.5404244,-122.6086654,Ziên Hông,restaurant,food_drink
4048612625,45.5398535,-122.6113346,Gustav's,restaurant,food_drink
4055539691,45.6689897,-122.6635095,Pizza Hut,restaurant,food_drink
4057399738,45.504434,-122.954354,Hale's Restaurant,restaurant,food_drink
4059237677,45.6281788,-122.6600992,The Grant House,restaurant,food_drink
4075848799,45.6298898,-122.5342995,18 Ichi Teriyaki,restaurant,food_drink
4075848817,45.6424943,-122.555834,Happy Family,restaurant,food_drink
4075848820,45.6425666,-122.5558385,Pub Fare,restaurant,food_drink
4100034389,45.5313207,-122.9586948,Thai Princess,restaurant,food_drink
4106707895,45.5226107,-122.6759928,Portland City Grill,restaurant,food_drink
4114856994,45.5292416,-122.9550513,Levant Mediterranean Grill,restaurant,food_drink
4114915789,45.5301926,-122.9606918,Nara Teriyaki,restaurant,food_drink
4123996089,45.530635,-122.915796,La Provence,restaurant,food_drink
4127009597,45.5438922,-122.3961225,Mr. B's Lounge,restaurant,food_drink
4127009598,45.5440034,-122.3959953,Country Pride Restaurant,restaurant,food_drink
4149642804,45.6431624,-122.5295002,Los Pepe's,restaurant,food_drink
4151789831,45.5187939,-122.530984,Rainbow Dragon,restaurant,food_drink
4173461974,45.5546839,-122.666923,Open Tandoor,restaurant,food_drink
4173741218,45.4347994,-122.575132,Dave & Buster's,restaurant,food_drink
4177164212,45.6894473,-122.65898,The Blind Onion,restaurant,food_drink
4177437847,45.4328798,-122.5763561,Stanford's,restaurant,food_drink
4177437848,45.4325259,-122.5763373,Sushi Land Marinepolis,restaurant,food_drink
4180025072,45.606225,-122.5046483,Khun Jo's Thai Chicken House,restaurant,food_drink
4180025076,45.6053294,-122.5066191,Pho Le,restaurant,food_drink
4180025077,45.606133,-122.5046483,Pizza Bilmos,restaurant,food_drink
4188234491,45.4343517,-122.57244,Pieology,restaurant,food_drink
4203039605,45.6781825,-122.5546863,Kitchen Table Cafe,restaurant,food_drink
4203039608,45.6782962,-122.5510377,Moy's Express,restaurant,food_drink
4206199790,45.5170637,-122.6558936,Pepper Box Cafe,restaurant,food_drink
4206264289,45.6010983,-122.6355282,The Deck,restaurant,food_drink
4209651801,45.6928014,-122.5521868,Los Jalapenos,restaurant,food_drink
4210899723,45.670345,-122.5383505,Crave Grill,restaurant,food_drink
4214263337,45.5645736,-122.6299984,Courtyard Restaurant,restaurant,food_drink
4224930389,45.5202094,-122.9282997,Hero Sushi,restaurant,food_drink
4251465146,45.6783802,-122.5772271,Lisa's Country Kitchen,restaurant,food_drink
4253777785,45.7814716,-122.5610056,Sushi Bento,restaurant,food_drink
4257468199,45.774786,-122.5230505,Pasta Gigi's,restaurant,food_drink
4264831741,45.6432476,-122.6103172,Pho Ton,restaurant,food_drink
4264831756,45.6377163,-122.642974,Taste of Asia Chinese Restaurant,restaurant,food_drink
4264831763,45.641193,-122.6175967,Thai Wok,restaurant,food_drink
4277454128,45.5346747,-122.659226,Taste of Bangkok,restaurant,food_drink
4278844102,45.7408049,-122.8792964,Ixtapa Mexican Restaurant,restaurant,food_drink
4283496089,45.5522699,-122.5794824,Cameo Pancake & Steak,restaurant,food_drink
4289258258,45.5356611,-122.6206005,Vivienne,restaurant,food_drink
4290851450,45.590319,-122.5928815,The Country Cat,restaurant,food_drink
4306856353,45.7796684,-122.5448808,Pita House,restaurant,food_drink
4308187454,45.5369521,-122.4068399,Black Rabbit Restaurant Bar & Courtyard,restaurant,food_drink
4311777126,45.7799917,-122.5448591,Las Mesitas,restaurant,food_drink
4312636592,45.636323,-122.5080186,Petra House Traditional Mediterranean Food,restaurant,food_drink
4312654791,45.6369037,-122.5073025,Mars Chinese Cuisine,restaurant,food_drink
4312751495,45.6369497,-122.5068329,McMenamins East Vancouver,restaurant,food_drink
4316542443,45.1564196,-122.8787234,Fresca's Mexican Grill,restaurant,food_drink
4316542481,45.1564713,-122.8786542,Pan Asian Express,restaurant,food_drink
4317867030,45.4378505,-122.7323109,Forest View Dining Center,restaurant,food_drink
4320172511,45.652853,-122.6358475,Benny's,restaurant,food_drink
4320172524,45.6550959,-122.6362715,Jake's Bar & Grill,restaurant,food_drink
4320172526,45.6529394,-122.6364773,Don Juan Corner Cafe,restaurant,food_drink
4324549268,45.5263868,-122.8369645,Cornell Oaks Cafe,restaurant,food_drink
4326185917,45.5628167,-122.6800485,Eddie's Flat Iron PIzza,restaurant,food_drink
4328331602,45.5349734,-122.6204957,Chin's Kitchen,restaurant,food_drink
4331337956,45.6294391,-122.6777004,The Hoosegow,restaurant,food_drink
4331337974,45.6292393,-122.6735186,Orchid Restaurant & Bar,restaurant,food_drink
4331337981,45.6290596,-122.6735696,Woody's Tacos,restaurant,food_drink
4334662451,45.680641,-122.6619843,Sakura of Japan,restaurant,food_drink
4336234791,45.4981135,-122.5784979,Tik Tok,restaurant,food_drink
4337883563,45.5191127,-122.9783135,Cafe,restaurant,food_drink
4340200273,45.5196119,-122.9741883,Pepper's Mexican Grill,restaurant,food_drink
4342004406,45.5126981,-122.9721104,Dotty's,restaurant,food_drink
4342004408,45.5127019,-122.9732665,Juan Colorado,restaurant,food_drink
4345274819,45.5385676,-122.8698177,MOD Pizza,restaurant,food_drink
4348074790,45.5315043,-122.9579693,Urban Masala,restaurant,food_drink
4348143108,45.5299202,-122.9582132,Pizza Schmizza,restaurant,food_drink
4365457617,45.5894133,-122.5937096,Chez Dodo,restaurant,food_drink
4379205899,45.5361281,-122.8542184,Indian connection,restaurant,food_drink
4381597691,45.4979747,-122.901635,El Chino Taqueria,restaurant,food_drink
4395506107,45.6389793,-122.5996417,Teriyaki & Noodles,restaurant,food_drink
4414038004,45.6443395,-122.5986097,Saigon Restaurant,restaurant,food_drink
4421021396,45.6540474,-122.5893952,Great Taste,restaurant,food_drink
4421021400,45.6542051,-122.5895628,Oishi Sushi,restaurant,food_drink
4425682572,45.6247458,-122.5899929,Rally Pizza,restaurant,food_drink
4425683090,45.624983,-122.5899831,Smokehouse,restaurant,food_drink
4439711593,45.535142,-122.6424078,Taco Pedaler,restaurant,food_drink
4448464232,45.6581143,-122.5568471,Thai Time,restaurant,food_drink
4448464233,45.6686954,-122.5507021,Hula Boy,restaurant,food_drink
4458662697,45.5583227,-122.8652346,Allan’s Authentic Mexican Restaurant,restaurant,food_drink
4458662698,45.5586814,-122.8658059,Chris & Mario's Pizza,restaurant,food_drink
4458662741,45.5579865,-122.8658864,Siam Village,restaurant,food_drink
4462682490,45.6289369,-122.6712075,Jerusalem Cafe,restaurant,food_drink
4469424289,45.5327648,-122.5586383,Ichi 15 Teriyaki,restaurant,food_drink
4469424291,45.532833,-122.5590088,Izzy's Pizza,restaurant,food_drink
4478203548,45.5317635,-122.6558515,Stanford's Restaurant & Bar,restaurant,food_drink
4485791290,45.5004181,-122.6539836,Pok Pok Wing,restaurant,food_drink
4487901391,45.5535341,-122.6665703,British Overseas Restaurant Corporation,restaurant,food_drink
4503712835,45.4868108,-122.7797404,Asal Café,restaurant,food_drink
4503712838,45.486854,-122.7803037,Koreana,restaurant,food_drink
4503790309,45.5210368,-122.6875878,Gracie's,restaurant,food_drink
4515629136,45.5304805,-122.9605534,Papa John's,restaurant,food_drink
4523949789,45.4472837,-122.7778718,Pieology,restaurant,food_drink
4523950089,45.4472886,-122.7777095,Costa Vida,restaurant,food_drink
4530591587,45.6197922,-122.5399465,Kenji’s Ramen & Grill,restaurant,food_drink
4535216033,45.5176599,-122.8434025,Thai Cabin,restaurant,food_drink
4556177358,45.662869,-122.5649947,Pho Saigon,restaurant,food_drink
4556177359,45.6647567,-122.5624444,Shen Chang,restaurant,food_drink
4556177364,45.6629844,-122.565087,Orchards Teriyaki,restaurant,food_drink
4556177370,45.6537309,-122.5921975,Hudson's Bar & Grill,restaurant,food_drink
4556177371,45.6624145,-122.5652874,The Megabite,restaurant,food_drink
4557107432,45.4987183,-122.5813281,Thien Hoang Vietnamese & Chinese Restaurant,restaurant,food_drink
4563881349,45.5163438,-122.6300303,Suzette,restaurant,food_drink
4563881373,45.5163492,-122.6306151,Dick's Kitchen,restaurant,food_drink
4563881376,45.5163478,-122.6302699,Straight From New York Pizza,restaurant,food_drink
4563881377,45.5344773,-122.6513438,Namaste,restaurant,food_drink
4563881379,45.5170308,-122.6748947,High Noon,restaurant,food_drink
4571085990,45.6228138,-122.5565613,ABHIRUCHI Indian Cuisine,restaurant,food_drink
4586318384,45.5300005,-122.9581059,Ichi Teriyaki,restaurant,food_drink
4587974435,45.3023406,-122.7655368,Joy Teriyaki,restaurant,food_drink
4591918160,45.5351512,-122.645516,Thai Pod,restaurant,food_drink
4609362790,45.3566781,-122.8404,Sesame Donuts,restaurant,food_drink
4609362801,45.3564324,-122.8415582,Clancy's,restaurant,food_drink
4613541901,45.3675569,-122.8389873,Jersey Mike's,restaurant,food_drink
4614660701,45.3915034,-122.751648,Three Mermaids Public House,restaurant,food_drink
4634912923,45.4685059,-122.5788422,Amigos del Sol Mexican Family,restaurant,food_drink
4640716570,45.2634025,-122.6927012,Thai Dish,restaurant,food_drink
4640803439,45.1536731,-122.8794248,Panera Bread,restaurant,food_drink
4640803441,45.1530647,-122.8808898,Red Robin,restaurant,food_drink
4640803444,45.1530647,-122.8821178,Elmer's Restaurant,restaurant,food_drink
4652969739,45.5892869,-122.7476667,Gabagool,restaurant,food_drink
4661420676,45.5737626,-122.5619464,Buffalo Wild Wings,restaurant,food_drink
4664695827,45.5076975,-122.6656244,Theory,restaurant,food_drink
4686884997,45.5181523,-122.679746,Cafe Pacifica,restaurant,food_drink
4702902153,45.5973644,-122.6688202,Cascade Grill,restaurant,food_drink
4705604500,45.5266762,-122.6417106,Uno Mas Taquiza,restaurant,food_drink
4712538589,45.4182416,-122.6640637,Five Spice Seafood,restaurant,food_drink
4712567240,45.6032793,-122.6761004,Pizza Mia,restaurant,food_drink
4721352428,45.7700743,-122.5499808,MOD Pizza,restaurant,food_drink
4723068603,45.6700852,-122.664105,Peachtree,restaurant,food_drink
4729974829,45.497122,-122.5839201,Om Seafood Restaurant,restaurant,food_drink
4729974834,45.5667338,-122.5384625,China Wok,restaurant,food_drink
4735335381,45.5109919,-122.6624063,Pixie Retreat Raw’r Laboratorie & Makery,restaurant,food_drink
4735337941,45.5263197,-122.6819671,Pixie Pearl Raw'r,restaurant,food_drink
4753290270,45.7558683,-122.8782374,Fork'd,restaurant,food_drink
4753290293,45.7587353,-122.8786478,Lung Fung,restaurant,food_drink
4754816366,45.7505247,-122.8782777,Scappoose Bagels,restaurant,food_drink
4760657034,45.5902437,-122.5926056,Capers Market,restaurant,food_drink
4760657035,45.5896366,-122.5932538,Beach Shack,restaurant,food_drink
4760669729,45.5893956,-122.5936431,Cackalack's,restaurant,food_drink
4760669730,45.5893951,-122.5935871,Korean Twist,restaurant,food_drink
4760669732,45.58921,-122.5936793,Elephants Delicatessen,restaurant,food_drink
4770407049,45.5194565,-122.6573868,Danwei Canting,restaurant,food_drink
4795840172,45.5063828,-122.6113891,Fern Kitchen,restaurant,food_drink
4814577623,45.562856,-122.6952745,Mio Sushi,restaurant,food_drink
4840867459,45.5352212,-122.6502851,Aztec Willie & Joey Rose Taqueria,restaurant,food_drink
4854462629,45.3241975,-122.579665,Hoo Nose,restaurant,food_drink
4862716920,45.4201987,-122.665029,Clarke's,restaurant,food_drink
4867357472,45.5217134,-122.4766907,Don Pedro Mayor #1,restaurant,food_drink
4867357477,45.5213103,-122.4774568,Taqueria Rico Taco,restaurant,food_drink
4867357491,45.5188448,-122.4630809,El Indio Mexican Restaurant,restaurant,food_drink
4867386541,45.6846309,-122.6602104,GoGo Sushi,restaurant,food_drink
4868035078,45.5345723,-122.4340839,La Mixteca,restaurant,food_drink
4868070714,45.5089388,-122.4296433,Black Bear Diner,restaurant,food_drink
4868071636,45.5096514,-122.4352097,Papa Murphy's Take 'N' Bake Pizza,restaurant,food_drink
4868071688,45.5086529,-122.4289138,Taco Bell,restaurant,food_drink
4868071723,45.5090621,-122.4331627,Red Lobster,restaurant,food_drink
4868430207,45.5045368,-122.4157441,Popeyes Louisiana Kitchen,restaurant,food_drink
4868430210,45.5033882,-122.4164434,Elmer's Restaurant ,restaurant,food_drink
4868602322,45.5044853,-122.4007645,Mariscos El Faro,restaurant,food_drink
4868634819,45.5188214,-122.4777175,Papa Murphy's Take 'N' Bake Pizza,restaurant,food_drink
4868636027,45.5194258,-122.4782025,Giuseppe's,restaurant,food_drink
4868636029,45.5193582,-122.4698902,Subway,restaurant,food_drink
4868636030,45.5188621,-122.4760229,Mariscos El Malecon,restaurant,food_drink
4868636032,45.5188816,-122.4723085,Taco Bell,restaurant,food_drink
4868636035,45.5194439,-122.4690104,Don Pedro,restaurant,food_drink
4868636038,45.5188094,-122.4833417,Annie's Restaurant,restaurant,food_drink
4868660349,45.5192625,-122.518881,Chai Thai,restaurant,food_drink
4868682426,45.4890789,-122.4681178,Cedarville Inn,restaurant,food_drink
4868773472,45.5193766,-122.5095546,Subway,restaurant,food_drink
4868773487,45.5200517,-122.496071,Chinese Garden Restaurant & Lounge,restaurant,food_drink
4870057195,45.4596212,-122.6468774,Killer Burger,restaurant,food_drink
4870686539,45.5196406,-122.4444752,Abby's Legendary Pizza,restaurant,food_drink
4870819249,45.4974462,-122.4342143,Truffle Hunter Restaurant,restaurant,food_drink
4870823497,45.4988853,-122.4312214,M & M Restaurant & Lounge,restaurant,food_drink
4870823498,45.4995111,-122.4291869,Uly's Taco Bar,restaurant,food_drink
4870823500,45.4991921,-122.4312039,Wall Street Pizza,restaurant,food_drink
4872344543,45.5358682,-122.4298357,Boston Pizza,restaurant,food_drink
4872344545,45.5363525,-122.4298575,Dos Amigos,restaurant,food_drink
4894074408,45.4415326,-122.5798997,Old Chicago Pizza & Brewery,restaurant,food_drink
4899422866,45.5289211,-122.6382487,Slice Pizza,restaurant,food_drink
4921224886,45.5384903,-122.6142626,Ambassador,restaurant,food_drink
4921327677,45.5463675,-122.5935164,Brick House Pizzeria,restaurant,food_drink
4921327679,45.5462964,-122.5937667,El Burrito Azteca,restaurant,food_drink
4927278221,45.519804,-122.6796344,Thai restaurant,restaurant,food_drink
4949949954,45.5772073,-122.6430081,King's Deli,restaurant,food_drink
4951662448,45.5137895,-122.6583935,Kokiyo,restaurant,food_drink
4956179669,45.6159041,-122.4931855,HUB Brewery,restaurant,food_drink
4972417632,45.4790178,-122.6085256,Ate-Oh-Ate Grill,restaurant,food_drink
4972507724,45.5628408,-122.6487455,Hat Yai,restaurant,food_drink
4974259929,45.5267883,-122.6417715,Han Oak,restaurant,food_drink
4999084840,45.4445425,-122.5772325,Sushi & Moki,restaurant,food_drink
5003288879,45.6431349,-122.610662,Moto Pizza,restaurant,food_drink
5033630797,45.5230189,-122.6430692,Davenport,restaurant,food_drink
5038028774,45.5339533,-122.555974,Siam Grill Thai Cuisine,restaurant,food_drink
5057264491,45.5252439,-122.6803806,Gallo Nero,restaurant,food_drink
5059524275,45.5204557,-122.67303,Chili Pit,restaurant,food_drink
5059524281,45.5202095,-122.6747212,Alto Bajo,restaurant,food_drink
5060965197,45.4973271,-122.6191934,Tecos,restaurant,food_drink
5061090332,45.4951829,-122.6084547,Ishtar Gate,restaurant,food_drink
5061133399,45.488867,-122.5953399,Off the Griddle,restaurant,food_drink
5063331326,45.5234883,-122.6538656,Prasad East,restaurant,food_drink
5077454672,45.5628579,-122.6488911,Handsome Pizza,restaurant,food_drink
5080320067,45.5822668,-122.6871348,Po'Shines Café de la Soul,restaurant,food_drink
5111956790,45.4816175,-122.8584792,The Peppermill,restaurant,food_drink
5111970571,45.4794306,-122.8589809,Godfather's Pizza,restaurant,food_drink
5111970572,45.4795382,-122.8590627,,restaurant,food_drink
5111970574,45.4796873,-122.859876,,restaurant,food_drink
5130542306,45.5216237,-122.6722441,Kells Irish Restaurant & Pub,restaurant,food_drink
5134652028,45.4071696,-122.5574813,Subway,restaurant,food_drink
5134680711,45.4509343,-122.5793689,Sunny's Diner,restaurant,food_drink
5134743998,45.4432435,-122.5799383,Best Buffet,restaurant,food_drink
5134744000,45.4446883,-122.5794846,Pizza Hut,restaurant,food_drink
323588356,45.5262403,-122.6891103,World Cup Coffee & Tea,cafe,cafe
324193670,45.5054248,-122.6155605,Stumptown,cafe,cafe
324207466,45.5231344,-122.6988675,Starbucks,cafe,cafe
324207480,45.5282265,-122.6983792,Tea Chai Té,cafe,cafe
324207490,45.5328048,-122.6985752,Vivace,cafe,cafe
324207500,45.5320299,-122.6988351,Starbucks,cafe,cafe
440334094,45.5342208,-122.9165628,Starbucks,cafe,cafe
468407832,45.5231571,-122.6990842,Caffe Umbria,cafe,cafe
471277936,45.5170771,-122.6512722,Floyd's,cafe,cafe
490521324,45.5410517,-122.6618857,Goldrush,cafe,cafe
495794886,45.5567452,-122.675134,Albina Press,cafe,cafe
495933130,45.552206,-122.6757106,Fresh Pot,cafe,cafe
495995619,45.5174582,-122.5631375,Coffee's On,cafe,cafe
498661237,45.5457736,-122.6665053,Waypost,cafe,cafe
504895987,45.5544949,-122.6759512,skyfeathers,cafe,cafe
523474399,45.4904112,-122.6230366,Starbucks,cafe,cafe
523474411,45.4882429,-122.5939123,Dutch Bros.,cafe,cafe
534480237,45.5481423,-122.6682312,,cafe,cafe
560311711,45.5205896,-122.927052,Insomnia Coffee co.,cafe,cafe
566882001,45.3990669,-122.6864163,,cafe,cafe
566890501,45.4418345,-122.7782465,NY Deli,cafe,cafe
571586812,45.533643,-122.8753205,Peet's,cafe,cafe
572330199,45.511914,-122.848964,Biscuits Cafe,cafe,cafe
620214731,45.526338,-122.6019,Sweet Cream,cafe,cafe
620225503,45.5263398,-122.6024091,Seven Virtues,cafe,cafe
622837671,45.5259614,-122.6820148,Boyd's Coffee,cafe,cafe
663564111,45.5230905,-122.6819336,World Cafe,cafe,cafe
664314273,45.5243551,-122.6767273,Sisters of the Road,cafe,cafe
669128428,45.5217867,-122.6764193,Starbucks,cafe,cafe
680158155,45.4128324,-122.717501,Starbucks Coffee,cafe,cafe
680212151,45.4075865,-122.7245543,Starbucks,cafe,cafe
689564649,45.4977998,-122.6392193,Chaos Cafe,cafe,cafe
708150473,45.4174175,-122.7377601,Starbucks,cafe,cafe
725632565,45.4464643,-122.7770939,Starbucks,cafe,cafe
754349526,45.5191907,-122.6368983,Canteen,cafe,cafe
815705808,45.504785,-122.6794544,Lair Hill Too,cafe,cafe
839239723,45.5301775,-122.6598766,J Cafe,cafe,cafe
865275928,45.513172,-122.6753178,Starbucks,cafe,cafe
903469288,45.557156,-122.6202767,Delphina's Bakery,cafe,cafe
906367076,45.5758857,-122.7304489,The Anchor,cafe,cafe
906367081,45.5731896,-122.7255136,The Cove,cafe,cafe
924800660,45.505548,-122.6052646,Cafe Au Play,cafe,cafe
924885006,45.5477128,-122.6734989,Grand Central Bakery,cafe,cafe
933876514,45.5164694,-122.6795727,Caffè Viale,cafe,cafe
940961805,45.5193349,-122.4013918,Starbucks,cafe,cafe
1101465985,45.4773802,-122.5596875,Java Jazz,cafe,cafe
1130593857,45.5026974,-122.4142954,Starbucks,cafe,cafe
1140564004,45.5184282,-122.8419596,Starbucks,cafe,cafe
1160973081,45.5156747,-122.675486,Coffee Zone,cafe,cafe
1235100944,45.4998573,-122.8233878,Starbucks,cafe,cafe
1236644176,45.4999175,-122.8245362,Cafe 58,cafe,cafe
1313729935,45.514849,-122.8677243,Black Rock Drive-thru Coffee Bar,cafe,cafe
1342117973,45.4653849,-122.8450966,Better Days Coffee,cafe,cafe
1366972593,45.4877545,-122.806898,TanTan,cafe,cafe
1369821879,45.5061926,-122.8486896,Merlo Station High School,cafe,cafe
1463592142,45.5962045,-122.6941081,,cafe,cafe
1645203942,45.5557257,-122.9187503,Longbottom Coffee & Tea,cafe,cafe
1645203952,45.5505379,-122.9037111,Starbucks,cafe,cafe
1668232740,45.4877195,-122.7324142,Starbucks,cafe,cafe
1711111922,45.5700403,-122.6824306,The Arbor Lodge,cafe,cafe
1711532696,45.5155145,-122.9042235,Dede's,cafe,cafe
1713537956,45.5184061,-122.6768532,Starbucks,cafe,cafe
1786217641,45.488928,-122.814578,Carriage House,cafe,cafe
1786510424,45.6579174,-122.5893199,T's Rendezvous Cafe,cafe,cafe
1881677600,45.304578,-122.9541273,Sweetest Thing Cupcakes,cafe,cafe
1914358998,45.5424889,-122.6587908,TwentySix Cafe,cafe,cafe
1947933643,45.5230039,-122.6418608,Kopi South East Asian Coffee House,cafe,cafe
1950319447,45.5337675,-122.935104,Starbucks,cafe,cafe
1950349325,45.534674,-122.876791,Starbucks,cafe,cafe
1957507093,45.5163527,-122.6262851,Foxy Coffee Co.,cafe,cafe
1963066730,45.5231814,-122.6914256,Coffeehouse Northwest,cafe,cafe
1967377669,45.5778076,-122.681791,North Star Coffeehouse,cafe,cafe
1996185953,45.4890817,-122.5958402,Pieper Cafe,cafe,cafe
2018972584,45.4187739,-122.6641969,Peet's,cafe,cafe
2050689957,45.5812772,-122.3760676,Starbucks,cafe,cafe
2053370304,45.5789214,-122.3347722,Starbucks,cafe,cafe
2105331021,45.3827175,-122.5959242,,cafe,cafe
2124397161,45.301546,-122.771319,Starbucks,cafe,cafe
2173094802,45.5261904,-122.6753586,Pints Everyday Cafe,cafe,cafe
2232564706,45.5166094,-122.6398004,Rocking Frog Cafe,cafe,cafe
2236709399,45.7813998,-122.5487651,Starbucks,cafe,cafe
2274333933,45.5701353,-122.6605648,Cafe Eleven,cafe,cafe
2274345875,45.5376342,-122.6618817,Tiny's Coffee,cafe,cafe
2284510440,45.5152161,-122.66543,Water Avenue Coffee Company,cafe,cafe
2285912883,45.5054898,-122.6019513,Rain OR Shine,cafe,cafe
2321502399,45.399757,-122.9304041,South Store Cafe,cafe,cafe
2348327852,45.5163404,-122.6297371,Stumptown Coffee,cafe,cafe
2437841839,45.5201316,-122.6818224,Starbucks,cafe,cafe
2444673355,45.5345067,-122.4375534,Stomping Grounds Coffee,cafe,cafe
2447471758,45.5628506,-122.6354057,Extracto,cafe,cafe
2451853028,45.5868304,-122.4054616,Squeeze and Grind,cafe,cafe
2451861115,45.584867,-122.404644,Caffe Piccolo Paradiso,cafe,cafe
2459689358,45.6200483,-122.5562721,Peet's Coffee & Tea,cafe,cafe
2461728822,45.5858099,-122.4038885,Caffe Piccolo,cafe,cafe
2464557157,45.396511,-122.259122,Mountain Moka,cafe,cafe
2622894187,45.4997972,-122.4308493,Cafe Delirium,cafe,cafe
2626168914,45.3084748,-122.9412007,Mo'Jo Coffee House,cafe,cafe
2815821901,45.344891,-122.653558,,cafe,cafe
2830336453,45.5376899,-122.7079306,Food in Bloom Catering,cafe,cafe
2918215501,45.4207452,-122.668741,Starbucks,cafe,cafe
2933695003,45.2110888,-122.9758891,The bankers cup,cafe,cafe
2968234253,45.521719,-122.6894309,Coco Donuts,cafe,cafe
2973543077,45.5475611,-122.5924656,Starbucks,cafe,cafe
3000709315,45.4703893,-122.6907768,Peet's,cafe,cafe
3033592790,45.4657941,-122.6983022,Starbucks,cafe,cafe
3037858537,45.4858586,-122.7557791,Peet's,cafe,cafe
3075642753,45.5252569,-122.8122313,Java Lounge,cafe,cafe
3096608961,45.5348854,-122.6428466,Spielman Bagels,cafe,cafe
3114709269,45.5258829,-122.8079232,Starbucks,cafe,cafe
3157110561,45.417252,-122.632158,Starbucks,cafe,cafe
3157257561,45.4325026,-122.5706792,Starbucks,cafe,cafe
3158476761,45.523006,-122.643191,Heart,cafe,cafe
3293194839,45.5235142,-122.6833546,The Mezz,cafe,cafe
3293888774,45.5202881,-123.0493592,Starbucks,cafe,cafe
3374431010,45.5361306,-122.8695118,Starbucks,cafe,cafe
3380425897,45.4954734,-122.6720675,The Sadona Coffee Company,cafe,cafe
3384650094,45.4978699,-122.6856805,Starbucks,cafe,cafe
3404865481,45.5225369,-122.9894669,Starbucks,cafe,cafe
3404868267,45.5195696,-123.0953733,Starbucks,cafe,cafe
3404868397,45.522327,-123.0452487,Starbucks,cafe,cafe
3420041698,45.4670392,-122.7130481,Silva Café,cafe,cafe
3450026536,45.5684116,-122.6003844,Starbucks,cafe,cafe
3475958524,45.4620845,-122.6466947,Coffee Cart,cafe,cafe
3492633633,45.5216713,-122.6781827,Oak Street Coffee,cafe,cafe
3539249467,45.7520157,-122.8778728,Dutch Brothers,cafe,cafe
3562745199,45.5164944,-122.675179,Starbucks,cafe,cafe
3568266293,45.4528971,-122.5797538,FruiTea Bubble,cafe,cafe
3572570429,45.3816359,-122.5821542,Starbucks,cafe,cafe
3579455491,45.3561671,-122.6042618,Singer Hill Cafe,cafe,cafe
3593844880,45.5767393,-122.5649123,Starbucks,cafe,cafe
3601362676,45.4407276,-122.7518585,Starbucks,cafe,cafe
3607807442,45.398296,-122.7421667,Starbucks,cafe,cafe
3615675970,45.5230308,-122.6371351,Starbucks,cafe,cafe
3630198504,45.6852541,-122.6003993,Black Rock,cafe,cafe
3630728121,45.4877465,-122.7948153,Peet's,cafe,cafe
3631878754,45.4880366,-122.788272,Starbucks,cafe,cafe
3654979327,45.587918,-122.7532561,Starbucks,cafe,cafe
3657305399,45.5169317,-122.6779496,Anna's Chocolate Cafe,cafe,cafe
3659677641,45.5183663,-122.674555,Sharif's Coffee,cafe,cafe
3663962650,45.5289213,-122.6370156,Marina's Kafe,cafe,cafe
3673818367,45.5345488,-122.6506589,Caffé D'arte,cafe,cafe
3673818377,45.5349105,-122.6502152,Starbucks,cafe,cafe
3684688621,45.7197286,-122.6629745,Starbucks,cafe,cafe
3684688672,45.7221557,-122.6667105,Starbucks,cafe,cafe
3684688706,45.7150715,-122.6496274,Starbucks,cafe,cafe
3688670316,45.5266082,-122.5885926,Fillmore Coffee,cafe,cafe
3692208426,45.7234322,-122.6529102,Starbucks,cafe,cafe
3697970174,45.6778739,-122.662626,Starbucks,cafe,cafe
3698789534,45.6113269,-122.6801308,Starbucks,cafe,cafe
3699394923,45.5458399,-122.7075713,Starbucks,cafe,cafe
3703526573,45.7178905,-122.65708,Kitchen Table Cafe,cafe,cafe
3706052519,45.6815598,-122.668217,Starbucks,cafe,cafe
3712841125,45.5118893,-122.6842217,F'Real,cafe,cafe
3712841134,45.5117092,-122.6843171,Portland Roasting,cafe,cafe
3712841136,45.5119343,-122.6841978,Starbucks,cafe,cafe
3716281063,45.6273994,-122.6741829,Starbucks,cafe,cafe
3717966662,45.6193308,-122.6437642,Thatcher's Coffee,cafe,cafe
3728688654,45.5166759,-122.6159732,Red Square Cafe,cafe,cafe
3728688668,45.5121724,-122.6140275,Groundwork Coffee Co,cafe,cafe
3729524323,45.4253644,-122.5135394,Starbucks,cafe,cafe
3736917434,45.5283521,-122.6805908,Red E Café,cafe,cafe
3739876224,45.6393518,-122.671636,Starbucks,cafe,cafe
3742183360,45.5030638,-122.6714246,Starbucks,cafe,cafe
3752250711,45.1510724,-122.8302332,Starbucks,cafe,cafe
3753315180,45.5209019,-122.682121,Olé Latte,cafe,cafe
3753315190,45.5208725,-122.6818447,Spielman,cafe,cafe
3757485724,45.5262855,-122.6159972,Starbucks,cafe,cafe
3758295439,45.526299,-122.5918704,Mount Tabor Roastery,cafe,cafe
3787098637,45.5303945,-122.6846486,Starbucks,cafe,cafe
3787888299,45.6581587,-122.5849222,Starbucks,cafe,cafe
3798689129,45.5265632,-122.6983405,Moonstruck Chocolate Cafe,cafe,cafe
3832001286,45.5229595,-122.6915929,Starbucks,cafe,cafe
3847867127,45.5119084,-122.6111735,The Albina Press,cafe,cafe
3855210416,45.5182864,-122.6800399,Brady's on Broadway,cafe,cafe
3875344856,45.6266364,-122.5341166,Coffee Revolution,cafe,cafe
3881368808,45.6133917,-122.6833084,Starbucks,cafe,cafe
3881368809,45.6099905,-122.6788399,Starbucks,cafe,cafe
3884057989,45.4877502,-122.8031091,Big O Pizza,cafe,cafe
3900865591,45.6657752,-122.5576795,Starbucks,cafe,cafe
3903603211,45.6140863,-122.504953,Starbucks,cafe,cafe
3903791358,45.6180471,-122.4765347,Cafe Yumm!,cafe,cafe
3903791360,45.6163215,-122.4796305,Dutch Bros. Coffee,cafe,cafe
3903791371,45.617226,-122.4768145,Starbucks,cafe,cafe
3903807201,45.6369428,-122.5070791,Starbucks,cafe,cafe
3926257364,45.6805215,-122.6252706,Compass Coffee,cafe,cafe
3933302346,45.6783244,-122.667524,Black Rock,cafe,cafe
3933399266,45.6676892,-122.6040697,Brewed Awakenings,cafe,cafe
3934591929,45.6666408,-122.6037371,Starbucks,cafe,cafe
3954416343,45.5140449,-122.6764678,Turkey Place,cafe,cafe
3954416344,45.5160497,-122.6794606,Starbucks,cafe,cafe
3954416346,45.5153271,-122.6797197,Starbucks,cafe,cafe
3963016341,45.5165422,-122.6837659,Museum Grounds,cafe,cafe
3972206865,45.6169138,-122.5309477,Starbucks,cafe,cafe
3972625578,45.6167268,-122.5553336,Jerusalem Cafe,cafe,cafe
3972655919,45.6179476,-122.536093,Seize the Bagel,cafe,cafe
3972659489,45.6078273,-122.4754514,Tropical Smoothie Cafe,cafe,cafe
3980331701,45.5129077,-122.6873289,The Meetro,cafe,cafe
3980934166,45.5375555,-122.6211235,Rust Coffee Lounge,cafe,cafe
3982005050,45.5887758,-122.5960493,Starbucks,cafe,cafe
3982005053,45.5879571,-122.5944278,Stumptown Coffee Roasters,cafe,cafe
3991558400,45.513324,-122.6764905,Flower Temple Cafe,cafe,cafe
3994290777,45.2305287,-122.7751242,Espressor,cafe,cafe
4001207069,45.4905013,-122.6372242,Marigold Coffee,cafe,cafe
4006266576,45.6284498,-122.6685207,Thatcher's Coffee Cart,cafe,cafe
4006266579,45.6274709,-122.6696963,Water Lily Cafe,cafe,cafe
4006266583,45.6298873,-122.6718348,Gaia Java,cafe,cafe
4006266588,45.625899,-122.6714957,Brewed,cafe,cafe
4006268691,45.6359029,-122.6717061,Mon Ami,cafe,cafe
4006268703,45.6283682,-122.6714194,Willem's on Main,cafe,cafe
4010094408,45.5116657,-122.6660494,Cooper's Coffee House,cafe,cafe
4012052315,45.5193688,-122.5581898,Starbucks,cafe,cafe
4026497197,45.5173083,-122.6809283,Cacao,cafe,cafe
4029115796,45.6200466,-122.6457915,Peet's Coffee & Tea,cafe,cafe
4033539932,45.5156219,-122.6848401,Starbucks,cafe,cafe
4037562526,45.7810531,-122.5303994,Little Cups & Grownups,cafe,cafe
4037562542,45.7824805,-122.5581896,Hockinson Cafe,cafe,cafe
4040891586,45.5118583,-122.6782627,Kobos,cafe,cafe
4042039787,45.5049838,-122.6542915,Best Friend,cafe,cafe
4042082993,45.2780331,-123.0118051,Red Hills Market,cafe,cafe
4042844453,45.68586,-122.615047,Java Depot,cafe,cafe
4048612624,45.540974,-122.6082577,Case Study Cofe,cafe,cafe
4057235398,45.543354,-122.6688536,Courtyard Cafe,cafe,cafe
4057235399,45.5436217,-122.6708867,Heartbeat Cafe,cafe,cafe
4057235400,45.5443782,-122.6697019,Kite Cafe,cafe,cafe
4060922219,45.6288978,-122.6702772,Black Rock,cafe,cafe
4072338618,45.5159099,-122.562061,Starbucks,cafe,cafe
4075848805,45.642427,-122.5552429,Gastronome,cafe,cafe
4075848806,45.6413818,-122.5574077,Starbucks,cafe,cafe
4075848807,45.6448412,-122.5576058,Java Delight,cafe,cafe
4079549989,45.5534122,-122.8353725,Starbucks,cafe,cafe
4080964147,45.5278476,-122.8146381,Starbucks,cafe,cafe
4080982192,45.5118614,-122.6370972,Starbucks,cafe,cafe
4117747189,45.5963458,-122.4777393,Starbucks,cafe,cafe
4117755889,45.6063582,-122.4752506,Di Tazza,cafe,cafe
4119551715,45.5658372,-122.6603328,Starbucks,cafe,cafe
4123993190,45.530648,-122.916405,Ava Rosteria,cafe,cafe
4143370500,45.5298071,-122.6913327,Local Roasting Co.,cafe,cafe
4144996592,45.5165562,-122.6286994,Paradox Cafe,cafe,cafe
4148198761,45.5945547,-122.4764382,Starbucks,cafe,cafe
4154453242,45.3960713,-122.7513586,Barnes & Noble Cafe,cafe,cafe
4156669484,45.5302488,-122.6888343,Corsa Cafe,cafe,cafe
4160061197,45.5336267,-122.635083,Starbucks,cafe,cafe
4166808896,45.479164,-122.763329,Antonio's House of Coffee,cafe,cafe
4182135654,45.6932195,-122.6651647,Revive Espresso & Tea,cafe,cafe
4184268416,45.6147544,-122.5021578,Jamba Juice,cafe,cafe
4184268425,45.6115188,-122.5047046,Brewed Awakenings,cafe,cafe
4184268427,45.6147327,-122.5022802,Peet's Coffee & Tea,cafe,cafe
4193887620,45.499535,-122.6715916,Sacred Bee Taphouse,cafe,cafe
4194478370,45.615429,-122.6522942,Savona Coffee House,cafe,cafe
4196013789,45.783816,-122.5482622,Starbucks,cafe,cafe
4196417565,45.5333653,-122.5595021,Starbucks,cafe,cafe
4201135119,45.590286,-122.6804945,T.J.'s Xpress,cafe,cafe
4203039607,45.6766186,-122.5512168,Starbucks,cafe,cafe
4205575090,45.7201575,-122.6627412,Starbucks,cafe,cafe
4209651803,45.692904,-122.55368,Revive,cafe,cafe
4210273446,45.5047213,-122.6362476,Slow Squeeze,cafe,cafe
4210899741,45.669912,-122.5395932,Coffee Villa,cafe,cafe
4211437187,45.5844173,-122.3686442,Kudos Coffee Co.,cafe,cafe
4211444423,45.4970218,-122.6218381,Starbucks,cafe,cafe
4216694650,45.5234452,-122.6930043,Starbucks,cafe,cafe
4231390452,45.5122922,-122.6325603,Tōv,cafe,cafe
4236586902,45.5121715,-122.6233288,Peet's,cafe,cafe
4239850792,45.5301801,-122.9549232,Starbucks,cafe,cafe
4241399639,45.4008298,-122.2765556,Starbucks,cafe,cafe
4244776487,45.5201439,-122.6721675,Tin Man,cafe,cafe
4245127919,45.4860703,-122.7961339,Solace & Fine Espresso,cafe,cafe
4253777783,45.7815455,-122.559761,Starbucks,cafe,cafe
4264831766,45.638313,-122.6426984,Black Rock Coffee Bar,cafe,cafe
4274234763,45.670946,-122.5076401,Starbucks,cafe,cafe
4274934781,45.5166967,-122.6070079,Bell Tower Coffee,cafe,cafe
4284497295,45.5450025,-122.5791264,Bebos Coffee,cafe,cafe
4290841825,45.590382,-122.5934348,Peet's,cafe,cafe
4290889372,45.5868193,-122.5924195,Starbucks,cafe,cafe
4295332749,45.4978216,-122.6757704,Ross Island Grocery,cafe,cafe
4306856352,45.7799172,-122.5454924,Espresso Express,cafe,cafe
4306856355,45.7800799,-122.5465679,,cafe,cafe
4308187456,45.5372208,-122.4066723,Edgefield Gift Shop & Espresso Bar,cafe,cafe
4316212612,45.5138706,-122.655037,Elevator Cafe & Commons,cafe,cafe
4316542460,45.1561055,-122.8790108,Joe Brown's Carmel Corn,cafe,cafe
4316542991,45.157564,-122.8768105,Starbucks,cafe,cafe
4320172499,45.6535802,-122.6357139,Donut Nook,cafe,cafe
4320172521,45.6532156,-122.637275,Aly's Coop,cafe,cafe
4331337952,45.6289515,-122.6735602,Java House,cafe,cafe
4331337960,45.6278322,-122.6796112,Sunrise Bagels,cafe,cafe
4337883564,45.5196002,-122.9792639,Cappuccino Corner Cafe,cafe,cafe
4345274818,45.5384372,-122.8682433,Juice It Up,cafe,cafe
4355088301,45.5904489,-122.7547612,The Great North,cafe,cafe
4365457608,45.5902693,-122.5927468,Portland Roasting Coffee,cafe,cafe
4365457612,45.5895545,-122.593338,Petite Provence,cafe,cafe
4365457616,45.5898376,-122.5987637,Portland Roasting Coffee,cafe,cafe
4375129050,45.415668,-122.662269,Canteen,cafe,cafe
4382810567,45.5301558,-122.4282434,Starbucks,cafe,cafe
4395506104,45.6543694,-122.58969,Jamba Juice,cafe,cafe
4395506108,45.6389577,-122.5998,Starbucks,cafe,cafe
4398392628,45.5296939,-122.6978211,Jim and Patty’s Coffee,cafe,cafe
4414037986,45.6442922,-122.5989496,Cupidone Coffee House,cafe,cafe
4441394493,45.6404197,-122.6806356,Espresso Divine,cafe,cafe
4458662700,45.5590157,-122.8652936,Munchkin Playland,cafe,cafe
4462883314,45.5413623,-122.6967542,Ristretto Roasters,cafe,cafe
4469424292,45.5592376,-122.5575496,Barista Brews,cafe,cafe
4469424294,45.5323189,-122.5586498,Jamba Juice,cafe,cafe
4471971661,45.5323653,-122.681322,Ovation,cafe,cafe
4509832761,45.3059588,-122.9439247,Starbucks,cafe,cafe
4520234941,45.1504235,-122.8296131,Starbucks,cafe,cafe
4531586437,45.5299147,-122.4112496,Starbucks,cafe,cafe
4533584540,45.4084702,-122.7464696,Starbucks,cafe,cafe
4534805361,45.7064786,-122.6488226,Chuck's Cup,cafe,cafe
4545743697,45.3662762,-122.8383776,Starbucks,cafe,cafe
4545743700,45.3696247,-122.8448376,Starbucks,cafe,cafe
4549663055,45.5213559,-122.6723905,Kure,cafe,cafe
4549663057,45.5215571,-122.6724297,Brass Bar,cafe,cafe
4555317220,45.4797264,-122.6159849,Starbucks,cafe,cafe
4556521733,45.4471201,-122.6185408,Starbucks,cafe,cafe
4559429602,45.4029911,-122.2919478,Starbucks,cafe,cafe
4563881380,45.5170119,-122.6749175,40 LBs Coffee Bar,cafe,cafe
4574346431,45.4155239,-122.5910169,Starbucks,cafe,cafe
4584449330,45.5246361,-122.5382183,Starbucks,cafe,cafe
4585885366,45.4892777,-122.4765892,Starbucks,cafe,cafe
4586276910,45.5057686,-122.4167384,Starbucks,cafe,cafe
4612744914,45.7076809,-122.7084377,Felida Coffee House,cafe,cafe
4612744917,45.3811036,-122.7580405,Peet's Coffee & Tea,cafe,cafe
4633575024,45.686198,-122.6679686,Starbucks,cafe,cafe
4637029625,45.2665712,-122.6769437,Starbucks,cafe,cafe
4640803445,45.1528614,-122.8829192,Starbucks,cafe,cafe
4643268550,45.3234243,-122.5742351,,cafe,cafe
4660928506,45.5091208,-122.7135765,Bear Walk Cafe,cafe,cafe
4661420677,45.5880986,-122.5937013,Starbucks,cafe,cafe
4664315589,45.5626078,-122.6898069,,cafe,cafe
4670638328,45.532484,-122.4424083,Starbucks,cafe,cafe
4681097930,45.6442366,-122.6013064,Black Rock,cafe,cafe
4719802505,45.3973037,-122.7341574,Coffee Plus,cafe,cafe
4725093691,45.4283848,-122.4873112,Starbucks,cafe,cafe
4729615636,45.5484174,-122.6114436,Jim & Patty's Coffee People,cafe,cafe
4739088482,45.5102824,-122.7604486,,cafe,cafe
4741862841,45.4068897,-122.7930076,Starbucks,cafe,cafe
4751485773,45.6934288,-122.6572295,Seize the Bagel,cafe,cafe
4753977824,45.5155023,-122.6789591,Bento Coffee & Cookie,cafe,cafe
4756702583,45.4421563,-122.8270271,Starbucks,cafe,cafe
4760669731,45.5893443,-122.5935801,Blue Star Donuts,cafe,cafe
4762815737,45.431305,-122.8234956,Starbucks,cafe,cafe
4762816125,45.4296941,-122.8291545,Mo Cha Tea House,cafe,cafe
4780514475,45.5158067,-122.5597202,Ozzie's Deli,cafe,cafe
4792680430,45.3346638,-122.5909194,Starbucks,cafe,cafe
4827836628,45.4752048,-122.8249667,Starbucks,cafe,cafe
4829424131,45.5886687,-122.5934246,Peet's Coffee,cafe,cafe
4829784741,45.5899479,-122.5923246,Portland Roasting Coffee,cafe,cafe
4837902853,45.3642922,-122.6472768,Starbucks,cafe,cafe
4854462623,45.3243619,-122.5800018,Starbucks,cafe,cafe
4862716913,45.4206346,-122.6650558,Chuck's Place,cafe,cafe
4862718173,45.4201639,-122.6655668,Lady Di's,cafe,cafe
4888201723,45.5484279,-122.6138453,Pip's Original Doughnuts and Chai,cafe,cafe
4888578324,45.6235301,-122.4753936,Black Rock,cafe,cafe
4893664119,45.51352,-122.6605366,Coava,cafe,cafe
4894622219,45.5194366,-122.634058,Oblique Coffee Roasters,cafe,cafe
4899415984,45.5291559,-122.6376247,Seven Virtues Coffee,cafe,cafe
4902962166,45.4964547,-122.5390443,Starbucks,cafe,cafe
4920047452,45.4539076,-122.7798182,Starbucks,cafe,cafe
4927313195,45.5483599,-122.6413909,Guilder,cafe,cafe
4947662522,45.5338781,-122.7009793,Kiva Cafe,cafe,cafe
5001997289,45.480306,-122.8600672,Starbucks,cafe,cafe
5044037222,45.5040587,-122.4308009,Sweet Betty's Cafe,cafe,cafe
5096424740,45.5119648,-122.6339161,,cafe,cafe
5111970570,45.4794499,-122.8592947,,cafe,cafe
5122764421,45.5297433,-122.6910025,Commissary,cafe,cafe
5134652030,45.4072177,-122.5618538,Human Bean Coffee,cafe,cafe
285754064,45.5490862,-122.9009845,Cornelius Pass Roadhouse & Imbrie Hall,pub,food_drink
287206326,45.534138,-122.916859,Orenco Station Grill,pub,food_drink
301053349,45.5231302,-122.987801,Wilson's,pub,food_drink
323588298,45.5252975,-122.6942513,Schmizza Pub & Grub,pub,food_drink
324207494,45.5343141,-122.6987201,Lompoc,pub,food_drink
324207495,45.5349255,-122.6986638,McMenamins Tavern & Pool,pub,food_drink
324207511,45.5279444,-122.6987196,Jo Bar,pub,food_drink
361515338,45.5209689,-122.8163996,Greek Village,pub,food_drink
495579383,45.5133727,-122.654466,Madison's Grill,pub,food_drink
495934170,45.5601998,-122.6745386,The Red Fox,pub,food_drink
512780335,45.5408454,-122.6500488,15th Avenue Hophouse,pub,food_drink
523462944,45.4920591,-122.6021661,FoPo,pub,food_drink
523462957,45.4908313,-122.5990333,Bar Maven,pub,food_drink
523485610,45.498098,-122.6538147,Brooklyn Park Pub,pub,food_drink
550854668,45.4612924,-122.793822,Fireside Grill,pub,food_drink
664314307,45.541131,-122.676924,Widmer Brothers Brewing,pub,food_drink
700328833,45.4161533,-122.6638277,Stickmen Brewpub,pub,food_drink
837065301,45.4800634,-122.5684652,The Eagle Eye,pub,food_drink
849044213,45.5796448,-122.7971658,Skyline Tavern,pub,food_drink
924885003,45.5477104,-122.6744397,Spin Laundry Lounge,pub,food_drink
925962808,45.5194092,-122.6363354,Goodfoot Pub & Lounge,pub,food_drink
1173876459,45.384433,-122.6396927,Linn City Pub,pub,food_drink
1234797177,45.5294313,-122.6369558,Katie O'Briens,pub,food_drink
1342110631,45.4649469,-122.8453182,Hart Road Pizza & Sports Bar,pub,food_drink
1427329866,45.5976555,-123.0016558,Rogue Brew Pub & Eatery,pub,food_drink
1457419248,45.4935311,-122.6358027,Ship Ahoy,pub,food_drink
1457419334,45.4931884,-122.6378375,Pub at the End of the Universe,pub,food_drink
1563016482,45.5889214,-122.7514028,The Fixin' To,pub,food_drink
1585332173,45.3753616,-122.7027572,Corner Saloon,pub,food_drink
1615448271,45.5296935,-122.6987367,Nob Hill Bar & Grill,pub,food_drink
1749188608,45.531191,-122.842386,Golden Valley Brewery,pub,food_drink
1817981610,45.5294865,-122.9314965,Morgy's Pub & Grill,pub,food_drink
1883482037,45.7682657,-122.5469675,Mill Creek Pub,pub,food_drink
1907786883,45.3944937,-122.4969417,Carver Hangar,pub,food_drink
1947887413,45.526692,-122.6614699,Spirit of '77,pub,food_drink
1963188104,45.5233261,-122.6584695,Burnside Brewing Co.,pub,food_drink
2095429136,45.5192168,-122.6512559,Beer Portland,pub,food_drink
2106363468,45.4872839,-122.8046666,Broadway Saloon,pub,food_drink
2146069465,45.5324527,-122.6944947,Joe's Cellar Bar,pub,food_drink
2149908222,45.3975171,-122.2585454,The Trout,pub,food_drink
2235475057,45.487514,-122.803157,Ringo's,pub,food_drink
2366268506,45.5315426,-122.9586721,Maguffy's,pub,food_drink
2475691757,45.571646,-122.6581382,Oregon Public House,pub,food_drink
3049729453,45.4934583,-122.6234975,Gladstone Pub,pub,food_drink
3284400738,45.5225095,-122.9847592,McNally's Taproom,pub,food_drink
3360674826,45.3961183,-122.260615,Gateway Pub,pub,food_drink
3651635828,45.5842164,-122.7283261,Sundown Pub,pub,food_drink
3782788965,45.5268057,-122.6986937,23Hoyt,pub,food_drink
3798689117,45.5268254,-122.6983419,Ram's Head,pub,food_drink
3864346436,45.5408909,-122.6754515,White Eagle Saloon,pub,food_drink
3913710009,45.6300013,-122.6724245,Feral Public House,pub,food_drink
3921024912,45.5094281,-122.6734279,Pilsner Room,pub,food_drink
3964914808,45.5042273,-122.4142842,B.J Finkel's Sports Bar,pub,food_drink
3972510636,45.6289846,-122.6729348,Jorge's Tequila Factory,pub,food_drink
3972659488,45.6065134,-122.4755953,Tapped,pub,food_drink
3980934161,45.5357321,-122.6217524,Columbia River Brewing,pub,food_drink
3982005043,45.5892764,-122.5975718,Henry's Tavern,pub,food_drink
4002991908,45.5228146,-122.6850673,Ringlers Pub,pub,food_drink
4006266585,45.6304551,-122.671781,Charlies Bodega,pub,food_drink
4006268689,45.6322757,-122.6718092,Brickhouse,pub,food_drink
4037562540,45.7808133,-122.5289394,Main Street Bar,pub,food_drink
4203113824,45.4977691,-122.6891307,Feathered Nesst,pub,food_drink
4251465147,45.6786841,-122.5774119,Lucky's Roadhouse,pub,food_drink
4283441091,45.5544285,-122.5742184,Rocky Butte Pub,pub,food_drink
4290841830,45.5908816,-122.5943336,Rogue Ales Public House,pub,food_drink
4290851447,45.5898202,-122.591343,Laurelwood,pub,food_drink
4290889374,45.5863991,-122.5922578,Laurelwood,pub,food_drink
4308187455,45.535311,-122.4070216,Distillery Bar & Pub Course Clubhouse,pub,food_drink
4328580948,45.641477,-122.6487531,Sellberg's Tavern,pub,food_drink
4425682579,45.6251715,-122.5900374,Ben's Bottle Shop,pub,food_drink
4425682582,45.6275368,-122.6171177,The Heavy Metal Brewing Co.,pub,food_drink
4448538389,45.6285952,-122.6400914,Blind Onion Pizza & Pub,pub,food_drink
4506676970,45.5346961,-122.6683919,Stingray Cafe,pub,food_drink
4506951594,45.5300213,-122.9611727,O’Brien’s Pub,pub,food_drink
4540172860,45.562927,-122.6891551,The Old Gold,pub,food_drink
4551608356,45.5629248,-122.6890395,New American,pub,food_drink
4617461189,45.6426306,-122.6464236,Victor 23 Brewing,pub,food_drink
4673811982,45.4829363,-122.5894422,Old Gilbert Road Tavern,pub,food_drink
4702859889,45.6289331,-122.6707614,Trusty Brewing Company,pub,food_drink
4712651624,45.5348517,-122.6502442,Broadway Pub,pub,food_drink
4762815758,45.4309638,-122.8303654,Stein,pub,food_drink
4837858246,45.518792,-122.6523496,Marthas,pub,food_drink
4854462622,45.3248325,-122.5800896,The Growler Run,pub,food_drink
4862716915,45.4205913,-122.6651537,Baird's on B,pub,food_drink
4867386542,45.682638,-122.661809,Double Barrel Taphouse,pub,food_drink
4867386544,45.6923223,-122.656226,Cascadia Brothers Brewing,pub,food_drink
4868038897,45.5188023,-122.4346707,Wichita Puff's Pub,pub,food_drink
4868682422,45.4915081,-122.4758171,McMenamins Highland Pub & Brewery,pub,food_drink
4868773482,45.5187333,-122.51025,Happy Landing,pub,food_drink
4868773485,45.5189418,-122.5158446,Stark Street Pub & Grill,pub,food_drink
4870040566,45.4626976,-122.579391,Tired Feat Tavern,pub,food_drink
4927359407,45.5372043,-122.6195106,Aunt Tillie's,pub,food_drink
4927362021,45.5370456,-122.6201677,Velo Cult,pub,food_drink
4949283384,45.5353515,-122.698605,23rd Avenue Bottle Shop,pub,food_drink
5130903968,45.5216762,-122.6723421,Kell's Irish Pub,pub,food_drink
472430680,45.5170824,-122.6514493,Crush,bar,food_drink
512757541,45.5352926,-122.6373428,Hale Pele,bar,food_drink
663564110,45.5228045,-122.6835885,Al's Den,bar,food_drink
664314352,45.5514324,-122.6758196,Bar Bar,bar,food_drink
664314357,45.5514868,-122.6757102,Sidecar 11,bar,food_drink
664314358,45.5517933,-122.6757218,Moloko,bar,food_drink
937462775,45.5253805,-122.6776638,Tiger Bar,bar,food_drink
1117591411,45.5284786,-122.8683241,,bar,food_drink
1457419287,45.4984822,-122.6408517,BC's,bar,food_drink
1457419311,45.4931996,-122.6359432,C Bar,bar,food_drink
1591328871,45.5483478,-122.5996822,Rovon Inn Tavern,bar,food_drink
1591328872,45.5483986,-122.6043839,Peter's Bar and Grill,bar,food_drink
1947933641,45.5220511,-122.6417294,Jade Lounge,bar,food_drink
1947933646,45.5352992,-122.6368607,Pour,bar,food_drink
1960022511,45.5174492,-122.6729654,Bottle + Kitchen,bar,food_drink
1964073284,45.5190308,-122.6578887,Rum Club,bar,food_drink
1967622855,45.5269722,-122.6874759,Encore Club,bar,food_drink
1971084199,45.3797144,-122.594491,,bar,food_drink
1971084203,45.3799639,-122.5946674,,bar,food_drink
1975835340,45.5394147,-122.6619962,Whey Bar,bar,food_drink
1975835375,45.5194228,-122.636746,Bonfire Lounge,bar,food_drink
1996174387,45.4893195,-122.5955076,Starday,bar,food_drink
1996185951,45.4890375,-122.5957262,Da Hui,bar,food_drink
2165824737,45.2803611,-123.0650833,Erath Winery,bar,food_drink
2451829924,45.5848527,-122.4054028,Adams Street Pub,bar,food_drink
2451848949,45.5849197,-122.4047069,Birch Street Lounge,bar,food_drink
2451856388,45.585815,-122.404509,Caps N' Taps,bar,food_drink
2451868917,45.584923,-122.405543,Mill Corner Tavern,bar,food_drink
2508976399,45.5231942,-122.6915439,Tony's,bar,food_drink
2522811398,45.523068,-122.6890709,Marathon Taverna,bar,food_drink
2573362675,45.4982757,-122.5228453,The Pallas Gentleman's Club,bar,food_drink
2573382709,45.5042916,-122.5425327,,bar,food_drink
2616530854,45.505092,-122.6228756,Tom's Bar,bar,food_drink
2704713061,45.5045183,-122.5129364,Dukes Bar and Grill,bar,food_drink
3099729028,45.52674,-122.6447013,Club 21,bar,food_drink
3099828529,45.486601,-122.80677,Watson Hall,bar,food_drink
3106279344,45.522808,-122.6884339,Commodore Lounge,bar,food_drink
3166299549,45.5189973,-122.9886815,,bar,food_drink
3176300094,45.5592795,-122.6421644,Beer Bar,bar,food_drink
3194151781,45.4317535,-122.6032529,Breakside Tap Room,bar,food_drink
3386895613,45.577989,-122.3541373,Big Foot Inn Bar & Grill,bar,food_drink
3450051717,45.5937898,-122.7618509,Your Inn Tavern,bar,food_drink
3615675973,45.5231908,-122.6371478,Angelface,bar,food_drink
3615675974,45.5232551,-122.6371458,Cardinal Club,bar,food_drink
3662585855,45.5485653,-122.675326,Atlantis Lounge,bar,food_drink
3666243051,45.7578707,-122.8784469,Longfellow's Inn,bar,food_drink
3666243053,45.7573921,-122.8783161,The Wigwam,bar,food_drink
3732415310,45.5217722,-122.6809478,White Owl West,bar,food_drink
3758295440,45.5262552,-122.587014,Candlelight Restaurant & Lounge,bar,food_drink
3864400857,45.5152238,-122.6656484,Bunk Bar,bar,food_drink
3978786820,45.5357804,-122.6211162,Magnolia's Corner,bar,food_drink
3983330517,45.5282411,-122.6391059,Church,bar,food_drink
4039392745,45.5127448,-122.6758135,Bistro by Truss,bar,food_drink
4048612622,45.5403533,-122.609921,Sheridan's Sports Bar,bar,food_drink
4075848804,45.6463016,-122.5574752,Charlies Sports Bar and Grill,bar,food_drink
4143370497,45.5264616,-122.6940701,Pope House,bar,food_drink
4257468208,45.7752771,-122.5256303,Emanar Cellars,bar,food_drink
4308187459,45.537581,-122.4085123,Tea House Bar,bar,food_drink
4308187460,45.5368535,-122.4060641,Winery & Tasting Room,bar,food_drink
4406203290,45.5166013,-122.6299865,The Liquour Store,bar,food_drink
4410687796,45.535004,-122.6397572,Joq's,bar,food_drink
4461197174,45.5318512,-122.8956461,Vertigo Brewing,bar,food_drink
4503712837,45.4868334,-122.7802165,Studio 10 Karaoke Box,bar,food_drink
4503790310,45.5208649,-122.687691,Driftwood Room,bar,food_drink
4551594251,45.5625588,-122.6897786,The Lost & Found,bar,food_drink
4563881375,45.5163465,-122.6303408,Sweet Hereafter,bar,food_drink
4616726767,45.5898364,-122.5983126,Vino Volo,bar,food_drink
4795840198,45.5119087,-122.6113153,Sapphire Hotel,bar,food_drink
4854462624,45.3248719,-122.5794663,Amy's,bar,food_drink
4867967456,45.5453895,-122.4561178,Stagecoach Saloon,bar,food_drink
4868035069,45.5346558,-122.4365484,Bumpers Grill & Bar,bar,food_drink
4868035100,45.5357109,-122.4331944,Alexander Sports Lounge,bar,food_drink
4868773476,45.5188878,-122.4953092,KC Sports Bar & Grill,bar,food_drink
4870040568,45.457597,-122.6029342,Gilmore's Meadows Lounge,bar,food_drink
4870720042,45.4298964,-122.3745318,Timber Pub & Grub,bar,food_drink
4870720053,45.4301812,-122.3748339,The Not So Boring Bar and Grill,bar,food_drink
4870823499,45.4985019,-122.4316866,bar 33,bar,food_drink
4872344542,45.5359449,-122.429836,Pastimes Sports Bar,bar,food_drink
4899478456,45.5344244,-122.4961912,Daily Double Sport Bar,bar,food_drink
4921327680,45.5463268,-122.5936543,D's,bar,food_drink
4973869914,45.782203,-122.5004742,,bar,food_drink
4999084823,45.4391678,-122.5794794,Jay's Bar and Grill,bar,food_drink
5015692188,45.4741193,-122.6497793,Bible Club,bar,food_drink
5059524280,45.5202405,-122.6748513,Lo Bar,bar,food_drink
357328789,45.4526216,-122.6776016,Lewis and Clark Law School,college,college
433482580,45.4849765,-122.807883,LDS seminary,college,college
2613641113,45.5061153,-122.5930489,Warner Pacific College,college,college
3293303174,45.5201825,-122.6811302,Everest College,college,college
3293303180,45.5203348,-122.6810524,Le Cordon Bleu,college,college
3443509255,45.4561793,-122.7133825,Oregon School of Massage,college,college
4223878225,45.5400589,-122.6610037,The Wellspring School for Healing Arts,college,college
4240056692,45.563182,-122.673458,Library,college,college
4535386207,45.4103731,-122.7474523,Sumner College,college,college
4999084830,45.438519,-122.5769198,Northwest College Of Hair Design,college,college
5037848072,45.5025552,-122.6750151,PDX Code Guild,college,college
5134652033,45.5537208,-122.4986863,Pacific Northwest Carpenters Institute,college,college
566882204,45.4164172,-122.6638166,Lake Theater & Cafe,cinema,entertainment
1234328117,45.5165519,-122.6284775,Avalon Theatre,cinema,entertainment
2353059150,45.4978689,-122.9200433,Regal Movies On TV Stadium 16,cinema,entertainment
2451829394,45.5856607,-122.4047293,Liberty Theatre,cinema,entertainment
2698295010,45.5190211,-122.5827831,Academy Theater,cinema,entertainment
3639957956,45.6271488,-122.6687071,Regal City Center Stadium 12,cinema,entertainment
3787073157,45.6590162,-122.5826154,Cinetopia 23,cinema,entertainment
3857690114,45.518352,-122.6811236,Regal Cinemas Fox Tower 10,cinema,entertainment
4144996593,45.5180307,-122.6762547,Regal Cinemas Pioneer Place 6,cinema,entertainment
4173741217,45.4369902,-122.573689,Century Theatres,cinema,entertainment
4308187458,45.536526,-122.4072718,Power Station Theater,cinema,entertainment
4664695825,45.5082652,-122.6653857,Empirical Theater,cinema,entertainment
4702902154,45.5975333,-122.669303,Jubitz Cinema,cinema,entertainment
4732574349,45.5361534,-122.8538503,Wunderland,cinema,entertainment
4760705467,45.5885361,-122.5957616,Hollywood Theatre,cinema,entertainment
4762815771,45.4306405,-122.8318681,Cinetopia,cinema,entertainment
663797625,45.5236039,-122.6777017,Augen Gallery,arts_centre,entertainment
2174824165,45.525355,-122.6803256,J. Pepin,arts_centre,entertainment
3699342446,45.5936369,-122.9943552,,arts_centre,entertainment
4017520605,45.5264322,-122.6825169,Gallery 114,arts_centre,entertainment
4035505066,45.5148197,-122.6765706,Justice Center Sidewalk Gallery,arts_centre,entertainment
4120438952,45.5579098,-122.6620779,The Granite,arts_centre,entertainment
5054795291,45.5257419,-122.6806234,Williamson | Knight,arts_centre,entertainment
5057264498,45.5254046,-122.6803283,Basic Space,arts_centre,entertainment
664314353,45.5514232,-122.6757896,Mississippi Studios,nightclub,entertainment
891315831,45.5226548,-122.6568402,Doug Fir,nightclub,entertainment
2616498945,45.4953741,-122.6080375,Devil's Point,nightclub,entertainment
4425683094,45.628001,-122.6150842,Groove Nation,nightclub,entertainment
4563881350,45.5163413,-122.6298268,Aalto Lounge,nightclub,entertainment
4868636031,45.5189371,-122.4824706,Caberet II,nightclub,entertainment
3775763196,45.521117,-122.6794981,Oregon State University,university,college
3780436030,45.5295666,-122.6835712,Willamette University,university,college
